id	name	gender	locale	pitch	pace	role	source	sha256	bytes
isolde	Isolde	female	en	high	brisk	Comms	LibriTTS-R speaker 3638, utterance 3638_696_000006_000003, CC BY 4.0	f8edaf4cfea57834b47cfa2e9edf9013f2cd69f9cb61e72356cb3ae0d6dcbb47	257324
linnea	Linnea	female	en	high	even		LibriTTS-R speaker 4899, utterance 4899_32637_000009_000000, CC BY 4.0	810b39d762775e14ecc252aef0b561a1fa8dc665082e5c2816d6a91698b275f0	261164
lt1012	Philomena	female	en	high	brisk		LibriTTS-R speaker 1012, utterance 1012_133424_000090_000000, CC BY 4.0	fc6b9bb73cddf765d05f92248ab07c4a26c1ed7994b36308cb19c1a8af7bee6c	272684
lt1050	Lue	female	en	mid	slow		LibriTTS-R speaker 1050, utterance 1050_134121_000040_000000, CC BY 4.0	d44b4ca7c8e0744d57bc05ebf91d2d3587c85e1a15f6608d1a0d89de2f078c07	305324
lt1052	Linnie	female	en	high	even		LibriTTS-R speaker 1052, utterance 1052_139307_000029_000000, CC BY 4.0	6fd1078ca5e2c30b5e19efe25788883efa11272e5aba0e1af6a14537d876ce8c	332204
lt1053	Kamryn	female	en	mid	brisk		LibriTTS-R speaker 1053, utterance 1053_132850_000009_000000, CC BY 4.0	46336511a0ad39e78789fda0998b36ed481dbb75da2b7c8390417af6cfbd441f	280364
lt1054	Sondra	female	en	high	brisk		LibriTTS-R speaker 1054, utterance 1054_143005_000052_000009, CC BY 4.0	7ac9ff59b50249223cc3f5e7f62b85f2b7e842f5f222c260cd457eba9f9fdfe9	266924
lt1060	Margo	female	en	mid	slow		LibriTTS-R speaker 1060, utterance 1060_134451_000004_000003, CC BY 4.0	f00e23760c884c882dfb3847794a34b50718d7531dba3bd3ac7f827f11e067a7	293804
lt1061	Garnet	female	en	high	even		LibriTTS-R speaker 1061, utterance 1061_146197_000024_000002, CC BY 4.0	9f0d31748af1843e429085f9a61566c0e79158a3cb5606b9b1207f1a83be0fac	268844
lt1066	Cheyenne	female	en	mid	brisk		LibriTTS-R speaker 1066, utterance 1066_5330_000064_000000, CC BY 4.0	5bb7dfdd17d653de8ef84f83d66f130315b055d5bc57e01ab634b76f2c9fbf36	263084
lt1079	Kaleigh	female	en	low	even		LibriTTS-R speaker 1079, utterance 1079_128631_000005_000001, CC BY 4.0	ce6f6d525e4eaaf235356a02335797b0545021d34294921db20bfc960e286eb0	245804
lt1093	Treva	female	en	low	brisk		LibriTTS-R speaker 1093, utterance 1093_132891_000040_000001, CC BY 4.0	1cb048ce3d76ce985431b0d2a5fa48a6d825022a92fefbc0c0f3c0db8a0bed87	286124
lt1100	Lucie	female	en	mid	even		LibriTTS-R speaker 1100, utterance 1100_124547_000014_000003, CC BY 4.0	39d5b1706bc86f439f65547734d20745df7f053d22c92ca63ac38b3c4ba9793f	253484
lt112	Beatriz	female	en	high	brisk		LibriTTS-R speaker 112, utterance 112_121671_000047_000000, CC BY 4.0	0b7e08f7ea4adbed27534ac531193f16bf919b50460f0fae51856e51b51cf2e6	278444
lt114	Leanna	female	en	high	brisk		LibriTTS-R speaker 114, utterance 114_129324_000010_000000, CC BY 4.0	14f499595e304baed59e3711845ebece8842e53e925fd76696fec9a9afc61823	303404
lt115	Caitlyn	female	en	high	slow		LibriTTS-R speaker 115, utterance 115_122944_000111_000001, CC BY 4.0	7d03280e1a1ee1b89f49c26afb9d269291a094c74fa8fc1792b7772b30caf331	313004
lt1195	Deirdre	female	en	mid	even		LibriTTS-R speaker 1195, utterance 1195_130164_000016_000001, CC BY 4.0	ac3f5cf904a8e081adb2d4c1e4b61215f97a70c84563185518e89c32221ab5eb	305324
lt1212	Deidra	female	en	low	slow		LibriTTS-R speaker 1212, utterance 1212_75242_000028_000003, CC BY 4.0	21473a623c106454b81eeef9575f31213badacea01b94bd908136097ba8678aa	297644
lt1224	Lawanda	female	en	high	even		LibriTTS-R speaker 1224, utterance 1224_121064_000012_000001, CC BY 4.0	c3814cb222bdef7750f379ce3eecb62f64b709195e88a93e7c4171d6635fed88	251564
lt1241	Jennie	female	en	mid	even		LibriTTS-R speaker 1241, utterance 1241_121103_000003_000004, CC BY 4.0	7a654d6ee96daf825e0a6e394f942b16abe9b587563065d6b6d3a92cc9c19f0c	305324
lt1259	Allene	female	en	mid	even		LibriTTS-R speaker 1259, utterance 1259_137770_000030_000007, CC BY 4.0	072d65f15836a34798a7cbcb56fdec9f178b070954caf21c2748c6c3a1dca605	259244
lt126	Flora	female	en	low	even		LibriTTS-R speaker 126, utterance 126_122467_000099_000001, CC BY 4.0	07e7c925b94250ee541df588c46bcbea393b71e5b8602f82ae3e6c24f09b30a8	320684
lt1289	Deanne	female	en	low	brisk		LibriTTS-R speaker 1289, utterance 1289_288043_000035_000000, CC BY 4.0	c4b794073145f163c3721c32a4caa31e6b446502df4d1854a854739b383b94b3	336044
lt1290	Elvira	female	en	low	even		LibriTTS-R speaker 1290, utterance 1290_135762_000007_000001, CC BY 4.0	1f5273a913a0b6be02278decdfb8e96dab79e8cac671069c27a5121c212ab832	268844
lt1335	Leota	female	en	high	slow		LibriTTS-R speaker 1335, utterance 1335_163935_000014_000003, CC BY 4.0	58ceb80ef6cea0c0df2a7ab57f12d975d253c25b43ee4899e8605fab43d43eaf	309164
lt1343	Aida	female	en	high	slow		LibriTTS-R speaker 1343, utterance 1343_139681_000024_000001, CC BY 4.0	50c60e1de845b763ffa2e5b63efd3ee80581a0cab7b0cd90c8bcdaf0d889af3d	257324
lt1348	Alanna	female	en	high	slow		LibriTTS-R speaker 1348, utterance 1348_135826_000016_000000, CC BY 4.0	9539fd4210ffc86d6154e2748cac6e4dd5cc9dc7ea7fd137261658b821ce8282	257324
lt1382	Meta	female	en	high	slow		LibriTTS-R speaker 1382, utterance 1382_130492_000033_000000, CC BY 4.0	0b6a133928bfa98c985789ccf43bf6e21a07a9f67faf31bf347821c5fa707f04	265004
lt14	Bryanna	female	en	high	brisk		LibriTTS-R speaker 14, utterance 14_208_000064_000004, CC BY 4.0	4521fdaabbae75670f0c767d99118fefe0ec5831bae5e4f9cfb2d481396bfc9c	241964
lt1401	Lashonda	female	en	low	brisk		LibriTTS-R speaker 1401, utterance 1401_146770_000012_000001, CC BY 4.0	8d2d6a9251faab919732c1679c95acfa21a3d3d6b7bd56fa4624e3efa9164921	305324
lt1417	Eunice	female	en	mid	brisk		LibriTTS-R speaker 1417, utterance 1417_1536_000034_000000, CC BY 4.0	7e8cb105b5531d396b37e18c3aacc92e855d8211adf51d72e6844d7756b0d042	259244
lt1422	Velda	female	en	mid	even		LibriTTS-R speaker 1422, utterance 1422_149735_000007_000001, CC BY 4.0	0f1e73a7b39fbe542e03cbef72e4cae85144686f97e39abc88f28cdf4c68adf9	334124
lt1425	Janis	female	en	high	slow		LibriTTS-R speaker 1425, utterance 1425_139290_000005_000004, CC BY 4.0	67e28b097b905ab5e3a341afbe3aef41f5961fcd4d1bfe291d84cce1c8e687d0	330284
lt1448	Shaina	female	en	high	brisk		LibriTTS-R speaker 1448, utterance 1448_135894_000047_000006, CC BY 4.0	c3939fe694a1712092ddd6615b1cdf125136c2324a4a3d729f62335e80fe2513	282284
lt1460	Leticia	female	en	mid	brisk		LibriTTS-R speaker 1460, utterance 1460_138289_000052_000000, CC BY 4.0	12555773e7c6f4edbc1685f035aaa9f67f7c268f28bdcc9ddec51130f1fd2086	241964
lt1472	Imani	female	en	low	brisk		LibriTTS-R speaker 1472, utterance 1472_285314_000036_000003, CC BY 4.0	0eaa58f242a73a51158dae3a10a134c00616b6c87a6012ef25e589fc5ccd2658	245804
lt1498	Tabitha	female	en	high	slow		LibriTTS-R speaker 1498, utterance 1498_140041_000009_000002, CC BY 4.0	28ba75d26b7bffe4b9dcdddee5483e22c3b1e5ceae3c3f8667e1544be970b383	289964
lt1509	Antonia	female	en	high	even		LibriTTS-R speaker 1509, utterance 1509_143477_000011_000000, CC BY 4.0	4ab357ce7348c6a3a9388b6713f8a583165c08ec0656e4a85bc773fdf7cd78bd	284204
lt1547	Christina	female	en	high	slow		LibriTTS-R speaker 1547, utterance 1547_130184_000047_000001, CC BY 4.0	84e54cb703d634cf1f9948a685a43660fc0cf979e529ad36678e4fd6d8d95df5	301484
lt16	Katie	female	en	high	brisk		LibriTTS-R speaker 16, utterance 16_122828_000022_000002, CC BY 4.0	31120e8f97f01d6a5fe0bda4001007f845f1b88e11cfa2e00f7966d72b73ffee	243884
lt1629	Kathleen	female	en	low	brisk		LibriTTS-R speaker 1629, utterance 1629_139707_000030_000004, CC BY 4.0	bf94445908c7389bc9725015745939d1e8607cd2cd0bd2b97c463edd53043bdc	295724
lt1641	Eulalia	female	en	mid	slow		LibriTTS-R speaker 1641, utterance 1641_130504_000059_000000, CC BY 4.0	390e974786f4a64a767a302ba5361660657ace66c90271f51cd37eb80eef58ce	313004
lt1649	Connie	female	en	mid	brisk		LibriTTS-R speaker 1649, utterance 1649_150127_000005_000000, CC BY 4.0	7498972b73420f6ca756bdf83aaf58da39cb02447c36a1c359c77997d6ad144f	307244
lt166	Allie	female	en	mid	even		LibriTTS-R speaker 166, utterance 166_352_000002_000001, CC BY 4.0	e01308ce9018303c75666324ed0d538869b00cee7f2cfa691d5b63c206db4ed0	265004
lt1668	Priscilla	female	en	high	brisk		LibriTTS-R speaker 1668, utterance 1668_136280_000009_000004, CC BY 4.0	384142c1677418fe8796e7b32d0c1a0ae6c4b64898f855631d5840d5144229fe	268844
lt1678	Mckenzie	female	en	high	slow		LibriTTS-R speaker 1678, utterance 1678_142279_000067_000000, CC BY 4.0	fefce6eb25ec6aeda30a23a1f870db3f56706d1a982d15f9d1acb5e78c03df56	268844
lt1705	Georgette	female	en	low	slow		LibriTTS-R speaker 1705, utterance 1705_142318_000067_000001, CC BY 4.0	2f9445bf746d3d7e277d25c45756b049e8499b0185fec00db29f63c74c390896	301484
lt1724	Lauryn	female	en	mid	slow		LibriTTS-R speaker 1724, utterance 1724_395_000028_000000, CC BY 4.0	7fbcc3e82a22244accb61db9e2cefa2e0fa223ee82f45f2a32030fe81a029754	334124
lt1731	Earlene	female	en	mid	brisk		LibriTTS-R speaker 1731, utterance 1731_142320_000019_000000, CC BY 4.0	4c9745d809354b0e846161f634ac50ca353c900db0373b42fe26f4b3149010c3	320684
lt175	Keira	female	en	high	even		LibriTTS-R speaker 175, utterance 175_123036_000011_000001, CC BY 4.0	e136594fa91b3c59f36fb0058d108d8dabe886f3e26bb6b1d1c1d859ac1e6bbb	326444
lt1752	Jasmin	female	en	mid	slow		LibriTTS-R speaker 1752, utterance 1752_16632_000082_000009, CC BY 4.0	010a196cdc44c3f3ca46531e892d9efa929ad2edcb6a01a08190484a2c1993dd	245804
lt1779	Rosemarie	female	en	high	slow		LibriTTS-R speaker 1779, utterance 1779_142733_000020_000000, CC BY 4.0	fcaffcd00fd9b71f1f5f1e6cc4953b12c70b67341b33482327675bec930cf53b	243884
lt1825	Lenore	female	en	high	slow		LibriTTS-R speaker 1825, utterance 1825_135580_000148_000002, CC BY 4.0	df80f53f09b94aa04b5acfbea0cc644e4c50e9a8a391e89b511f25c8b6cc6b60	328364
lt1845	Maryann	female	en	low	even		LibriTTS-R speaker 1845, utterance 1845_145083_000032_000003, CC BY 4.0	a192b654fa0fb00b9759433203a20f137d0486d1770497e1f4f842802d4da8c0	295724
lt1851	Karina	female	en	high	even		LibriTTS-R speaker 1851, utterance 1851_148312_000033_000000, CC BY 4.0	50c2c0b9a3fceac55b26aa3bc33e19bfe77b73b29dc2cb62e2bec0c3197fe175	289964
lt1859	Fay	female	en	high	brisk		LibriTTS-R speaker 1859, utterance 1859_145700_000035_000002, CC BY 4.0	2d4d641703a17e13723b410fda80c0fc6177069d123ba7312b1a39bb628095eb	282284
lt188	Leonora	female	en	mid	even		LibriTTS-R speaker 188, utterance 188_136483_000042_000001, CC BY 4.0	7e5f60f20cde19484622329265392d59bd3aac80d5946085db84d51c1d411e72	314924
lt1885	Sara	female	en	high	slow		LibriTTS-R speaker 1885, utterance 1885_136863_000028_000005, CC BY 4.0	02d29cf251343061286af3726b41e1be774bfe441d284b6b1f39ed2e993e1abd	257324
lt192	Angela	female	en	low	brisk		LibriTTS-R speaker 192, utterance 192_128345_000075_000002, CC BY 4.0	6b601aa9c5a3cef0c2d0411ebd875cb5e7de119d98a40a2e751dcab7c4d5f339	249644
lt1923	Jeannette	female	en	low	slow		LibriTTS-R speaker 1923, utterance 1923_155646_000006_000000, CC BY 4.0	e982b10c9ac46afa9968909f8c00ad49fa3d752eaefd5e423eb57ab15d56dd05	284204
lt1933	Gena	female	en	low	brisk		LibriTTS-R speaker 1933, utterance 1933_146437_000036_000001, CC BY 4.0	79bb5e28c0179f9e85001c8b3d3bd76f074521470508294023f1944984d7cec4	328364
lt1944	Joanna	female	en	high	slow		LibriTTS-R speaker 1944, utterance 1944_159230_000010_000001, CC BY 4.0	9497a9db697b6809f6b06811b2a83f9fba21bfea159fb134787f61b442a80cbd	265004
lt1961	Michele	female	en	low	even		LibriTTS-R speaker 1961, utterance 1961_145733_000004_000000, CC BY 4.0	27fbcdd1b54139b7dc8f6dda7f4e929816a84118178c3e4b43e9d8ec615a9b49	253484
lt1974	Angie	female	en	low	brisk		LibriTTS-R speaker 1974, utterance 1974_139741_000001_000000, CC BY 4.0	c5ef634d332b39be6b1e27df6cece253512ec4430ac0e18c5cf1419b0449dd2a	247724
lt2004	Magdalene	female	en	mid	even		LibriTTS-R speaker 2004, utterance 2004_147981_000012_000002, CC BY 4.0	f3f22c75f98bb9c20e9dd9ab24842d5e0d57d434e91c32f2b86dfa00b288a59a	259244
lt2010	Bernadine	female	en	low	brisk		LibriTTS-R speaker 2010, utterance 2010_147045_000018_000001, CC BY 4.0	26475ab206308cd2c23f41cc78ce72f409047c4ce0fed64977957e9cc6cd9757	263084
lt203	Eloise	female	en	mid	even		LibriTTS-R speaker 203, utterance 203_132069_000028_000000, CC BY 4.0	9c8d38c34a3d5e7f7c842b5c1b08f008b49654b83f2be26b676a385ed1a62366	265004
lt205	Concetta	female	en	low	even		LibriTTS-R speaker 205, utterance 205_123882_000013_000000, CC BY 4.0	0c61f93a9bd4cb8d53754b5266bcd2dc3586d97c240ae822cba6ade665f62ba3	268844
lt2053	Mercedes	female	en	low	brisk		LibriTTS-R speaker 2053, utterance 2053_138901_000063_000008, CC BY 4.0	feafd21517371d7bf89eef7880bc0d9f7adde2f292bba6fb8e7542e725b05cf0	282284
lt2056	Destinee	female	en	low	brisk		LibriTTS-R speaker 2056, utterance 2056_143893_000051_000003, CC BY 4.0	3b14c8b0ab6df981aba1e1bb185484568d9044101a0180381ef72a1108247a89	247724
lt2060	Chelsea	female	en	low	even		LibriTTS-R speaker 2060, utterance 2060_147963_000021_000006, CC BY 4.0	f7483c8287ec3a4405d73080c76bb22fe48d49a9c92709f2478095c816dc7634	243884
lt2061	Sophie	female	en	mid	slow		LibriTTS-R speaker 2061, utterance 2061_147110_000057_000006, CC BY 4.0	ac6fdd07f81341dc21f707868da7cccf9fc7842dbe2a0d5346612b40278e2b7c	259244
lt208	Jeanette	female	en	high	even		LibriTTS-R speaker 208, utterance 208_126851_000006_000001, CC BY 4.0	51e8cccbd1beba3a1615b1fc3ca05c912a93c91ec68b8ecb6f257a69fe5d2509	249644
lt209	Faith	female	en	mid	brisk		LibriTTS-R speaker 209, utterance 209_4733_000018_000001, CC BY 4.0	da4b00b79e93f59a2f2aeedeadf0d7bbf4c3ca17629b52856df8b4121b6c80ca	251564
lt217	Serena	female	en	high	brisk		LibriTTS-R speaker 217, utterance 217_122443_000060_000001, CC BY 4.0	fbfcd181cc78545830e56a874915f7df035ab5fad0156c7241dbb65557834ef6	299564
lt2194	Aileen	female	en	mid	even		LibriTTS-R speaker 2194, utterance 2194_150469_000021_000001, CC BY 4.0	aad6069bec33ad9d132de21e12c90a6c908c8cf498025b61858363fe122c9fdb	326444
lt22	Valeria	female	en	low	even		LibriTTS-R speaker 22, utterance 22_121140_000015_000001, CC BY 4.0	fe12c0bcc7e0793548927eff1479ce55527721552a519734d89d24e659c6d37a	313004
lt2204	Vanessa	female	en	low	brisk		LibriTTS-R speaker 2204, utterance 2204_131732_000019_000007, CC BY 4.0	4536ceb55612293c35cd8c5fce2ae653d270eee6b91b35ecbbe68462bed25cf7	311084
lt2230	Dorotha	female	en	low	brisk		LibriTTS-R speaker 2230, utterance 2230_124587_000009_000000, CC BY 4.0	54b2186a6429852e17329299c6398b41c32959e8c8885988f1de2837cfc05e07	240044
lt224	Kim	female	en	high	slow		LibriTTS-R speaker 224, utterance 224_129790_000052_000000, CC BY 4.0	cac79b92d7ea3d167f29fcedb9b58087bfc11fe6087c1c84aba208208ef1f5e3	247724
lt225	Frieda	female	en	low	slow		LibriTTS-R speaker 225, utterance 225_131259_000011_000001, CC BY 4.0	a344539056671ef0ab7acbb0b2b3f763ebb9bd79de6ba2c4734543c24ae9c432	328364
lt2256	Pamela	female	en	low	slow		LibriTTS-R speaker 2256, utterance 2256_137628_000004_000006, CC BY 4.0	6ff6bcf11892d4c63d366be88b7aaf6c4240fb0082be89402197583e1b0a554b	278444
lt2269	Sue	female	en	mid	slow		LibriTTS-R speaker 2269, utterance 2269_147627_000033_000000, CC BY 4.0	540fccb53acb3604b005a08308e5deccbb8408535cf498afe0f193eb2c3d2cde	314924
lt227	Beulah	female	en	high	even		LibriTTS-R speaker 227, utterance 227_129974_000030_000002, CC BY 4.0	3d0b88ce4090ad76e7279c2d2f972ceb71dd5fda48c08e5b2146c68477df4e9e	280364
lt2364	Misti	female	en	low	slow		LibriTTS-R speaker 2364, utterance 2364_131735_000011_000002, CC BY 4.0	8f018f821969cb14ef88618ceec95a8a51f947ace12c5e096d01fe18245fbeac	330284
lt2401	Cara	female	en	low	brisk		LibriTTS-R speaker 2401, utterance 2401_144485_000004_000000, CC BY 4.0	d3e2990cfb8b892ce4d8f3dca5a504b1224b60bf297e843de3069784bf5e9968	265004
lt242	Dawn	female	en	mid	even		LibriTTS-R speaker 242, utterance 242_126842_000061_000001, CC BY 4.0	f23c82aefef7d169c720be748bbfa7510d2799a0d9d526325c2e93161f1ce3cc	265004
lt246	Kelli	female	en	mid	even		LibriTTS-R speaker 246, utterance 246_224_000017_000002, CC BY 4.0	2a249af550c1040834917169655bde0b2e6d17617e62b27e840a806c1b66f6bd	245804
lt2481	Camilla	female	en	low	slow		LibriTTS-R speaker 2481, utterance 2481_163597_000012_000000, CC BY 4.0	c25aa5611dfa56380f6cc0248c483732e71419137f54642cc4839629472efc98	301484
lt2512	Brittany	female	en	mid	brisk		LibriTTS-R speaker 2512, utterance 2512_157480_000024_000001, CC BY 4.0	fb0b49ec1440a6a61971f14bacf4a61d95fb09dd451e033125a8bd4cd726ed37	278444
lt2532	Sandi	female	en	high	brisk		LibriTTS-R speaker 2532, utterance 2532_157475_000021_000000, CC BY 4.0	9dca3155c81204d6ed48c8be4f5c4c1bbdbba938c8b70e9ef3f423c0c12251a0	284204
lt2570	Elena	female	en	mid	slow		LibriTTS-R speaker 2570, utterance 2570_157243_000039_000001, CC BY 4.0	0fcb13663e84d27736e479806510573bea44a1177b4e1c807d7685d0fcef6de9	291884
lt2573	Daniela	female	en	low	even		LibriTTS-R speaker 2573, utterance 2573_178450_000023_000000, CC BY 4.0	9fdb658a2d8213ae7f308d955fa0f341c4766f79ad6b9a7e7dfb67af6d639ea7	268844
lt2577	Raven	female	en	high	even		LibriTTS-R speaker 2577, utterance 2577_157236_000164_000000, CC BY 4.0	3bb24dd573281d1522b526192fe08b813209d4091a28dbbf018b62aa00bfa81b	270764
lt2582	Makenzie	female	en	high	brisk		LibriTTS-R speaker 2582, utterance 2582_155973_000001_000000, CC BY 4.0	a395016f750176c930bce5b1319e66295b8931d57f821dc91ffe3521d70ab10f	289964
lt2592	Joelle	female	en	high	brisk		LibriTTS-R speaker 2592, utterance 2592_5341_000042_000001, CC BY 4.0	667e1296e4429f60f2b2e37d76219881484b443c81f38d833cea3bdd9ade71c0	241964
lt2598	Angelia	female	en	mid	even		LibriTTS-R speaker 2598, utterance 2598_4662_000034_000014, CC BY 4.0	e26c1bf95beb7b222e315ac321af21b01ea5c0fac3d2a7b9d871f0db1c6934d0	261164
lt2638	Destiny	female	en	low	even		LibriTTS-R speaker 2638, utterance 2638_10172_000032_000008, CC BY 4.0	ca823cf3a97b612a7e77aced6aea0608382e14ca2bb447e70f91cb1e6b842d6a	313004
lt2652	Hulda	female	en	low	brisk		LibriTTS-R speaker 2652, utterance 2652_157644_000011_000000, CC BY 4.0	941155a377345e8d44435ca5741c098c4d4be58389a5e28fbe6db696180bf318	291884
lt2709	Alda	female	en	low	even		LibriTTS-R speaker 2709, utterance 2709_158074_000030_000001, CC BY 4.0	459342a603bf0f56af9419803bb604e7c91ff049005143fc06b63ee342e1047e	265004
lt274	Celina	female	en	low	brisk		LibriTTS-R speaker 274, utterance 274_121392_000064_000001, CC BY 4.0	c8e0786f2f13a76ac7df9542b82cc8a8a7e4708a0e748af8ec5111940d05b586	240044
lt2741	Elizabeth	female	en	high	slow		LibriTTS-R speaker 2741, utterance 2741_159386_000009_000016, CC BY 4.0	5f3d209643a824106b1365442107ea352f546a1d5ca4ee15c64dc2bcf3edd505	326444
lt2751	Lakesha	female	en	mid	brisk		LibriTTS-R speaker 2751, utterance 2751_142362_000011_000000, CC BY 4.0	4b04f0cbcffb9393e9665e659db2eef087576a9cc035e89da71f1aac12247264	284204
lt2758	Darlene	female	en	high	brisk		LibriTTS-R speaker 2758, utterance 2758_86588_000012_000003, CC BY 4.0	c7bef87ced602cfbeee71e8f645ff1eb3420fdaa197dafae066d5d8d3d79ee8e	278444
lt2775	Cecilia	female	en	mid	brisk		LibriTTS-R speaker 2775, utterance 2775_160958_000077_000000, CC BY 4.0	bb7507579d05e3293d43e9f19986c5d40528fd07645ca833a5c4bb013f2ca009	261164
lt278	Janel	female	en	high	slow		LibriTTS-R speaker 278, utterance 278_127215_000016_000001, CC BY 4.0	d6793632e9ed1005e6f987ce309d9d8c2563240721ab8ceccfe4c9660b0a5eeb	330284
lt2785	Mollie	female	en	mid	slow		LibriTTS-R speaker 2785, utterance 2785_163322_000044_000000, CC BY 4.0	d425d3b47805e2356778f63fca95229abfca1c9ab4c9103a63f91ba8e60a8bcd	293804
lt2790	Alice	female	en	high	brisk		LibriTTS-R speaker 2790, utterance 2790_142824_000118_000002, CC BY 4.0	30fc891abe3bd7bcc9785fcc131c5b6aaaa2825ce411c356f0c0db0db7322895	297644
lt28	Evelyn	female	en	low	even		LibriTTS-R speaker 28, utterance 28_12332_000086_000000, CC BY 4.0	0fe54cfe507caa5753ff2a8b059e8140bd528865b3175a5f212ea709291501f4	259244
lt2853	Nova	female	en	high	brisk		LibriTTS-R speaker 2853, utterance 2853_164188_000046_000001, CC BY 4.0	cb57253e25e18e65bcff78d9a17b7a638cf862203d202fdc40e3e90490641b9b	301484
lt288	Letitia	female	en	low	brisk		LibriTTS-R speaker 288, utterance 288_131218_000017_000008, CC BY 4.0	c49a7f4509c9c57d413facb86c1b2f7573d4c35ac576d751efa2128a68f52fa1	261164
lt2882	Betty	female	en	low	even		LibriTTS-R speaker 2882, utterance 2882_147159_000086_000001, CC BY 4.0	2963cdac5b7b1e216ff6106dba5914fbf2fe0846bcd744b959335a4540380c1f	270764
lt2920	Mariana	female	en	low	even		LibriTTS-R speaker 2920, utterance 2920_156230_000010_000000, CC BY 4.0	e83f39a5de0630fcb812627707cdb6f8223d383461a705bacf648cb8ed33af66	299564
lt30	Belinda	female	en	high	even		LibriTTS-R speaker 30, utterance 30_4447_000011_000003, CC BY 4.0	9cea695c3e9eca1540d2ceedb82b29de947a5bdfd5b8a42317d025d3ab5e512b	280364
lt3001	Kathrine	female	en	high	slow		LibriTTS-R speaker 3001, utterance 3001_160952_000008_000000, CC BY 4.0	4f5f6d9567cbd2d779c0cb455755f804e02b4b34217f6084f5e2992b02ed6d76	268844
lt3003	Michaela	female	en	low	slow		LibriTTS-R speaker 3003, utterance 3003_14274_000026_000000, CC BY 4.0	22a04b8bdddaa488f2104597d424813d52f4fd6f8bf7b7713139a3643b0f2413	243884
lt3008	Brenna	female	en	low	brisk		LibriTTS-R speaker 3008, utterance 3008_164328_000035_000000, CC BY 4.0	f760fcc5784b46098170bc7142679ef9e970207247c54a1324f77c5b5411efa4	266924
lt3025	Zoe	female	en	high	slow		LibriTTS-R speaker 3025, utterance 3025_12971_000031_000008, CC BY 4.0	440f85e82c101b23ce55ae61aae7cb73e3bee49f34dd2515d9d575d805fedc83	261164
lt3046	Rosalee	female	en	low	even		LibriTTS-R speaker 3046, utterance 3046_148993_000035_000001, CC BY 4.0	1c78c45b45b9f7ba23d77c53ab4854c556d7cfdd959f5d742c35e0614f94eaea	305324
lt3083	Elmira	female	en	low	even		LibriTTS-R speaker 3083, utterance 3083_7944_000012_000000, CC BY 4.0	55ede840234524fd65a806bcb52940c288e917608ac1ac6749a0ac4870cd9dac	288044
lt3094	Viva	female	en	low	slow		LibriTTS-R speaker 3094, utterance 3094_136458_000010_000013, CC BY 4.0	4aadc07e6f160eb46902647d07e56bd62d1859b93db3e905331fc7ad0b68577c	284204
lt3119	Alecia	female	en	high	slow		LibriTTS-R speaker 3119, utterance 3119_163527_000054_000001, CC BY 4.0	481b37a3db080896b6486cdf368898c7a96dbb1998de7c7ebcc3c9c2c62479ee	266924
lt3157	Deborah	female	en	low	slow		LibriTTS-R speaker 3157, utterance 3157_68361_000007_000002, CC BY 4.0	eeeb65bd29a3ba23a4590788fd993ea5df254764283ed20826ded11f3b8d588f	249644
lt318	Luella	female	en	mid	brisk		LibriTTS-R speaker 318, utterance 318_124164_000033_000001, CC BY 4.0	3d4633ff9b3b74874d855f9b0b64221ddb8c0637ea7950b9e5afeee0225dc563	270764
lt3224	Kali	female	en	mid	brisk		LibriTTS-R speaker 3224, utterance 3224_167024_000043_000000, CC BY 4.0	529f888b3c90b8fd66da961e5bb401808424e957c4e450a4f7fa73308407904c	276524
lt3228	Lupe	female	en	low	brisk		LibriTTS-R speaker 3228, utterance 3228_4690_000002_000001, CC BY 4.0	4c610e74e0f6041050e784ef13a2b247bcfa35e81284a0241958e68fa1d1d6cd	309164
lt323	Lorene	female	en	high	slow		LibriTTS-R speaker 323, utterance 323_126408_000064_000000, CC BY 4.0	936d453bb9f4d71fb48c41cbce13a948094a425b5ec1eebfa64fce3ce8fb1831	272684
lt3258	Virgie	female	en	low	slow		LibriTTS-R speaker 3258, utterance 3258_169291_000019_000000, CC BY 4.0	be01938702ee7093d97ed5ad86a31872d32a392a767adbe869e7e4d4deafdcb5	282284
lt3294	Ava	female	en	low	even		LibriTTS-R speaker 3294, utterance 3294_167609_000003_000006, CC BY 4.0	45c635d51c161cb4ca95265bb2642a26dcc0580c867cd4391df4b80b0c55ac57	266924
lt3330	Alayna	female	en	high	slow		LibriTTS-R speaker 3330, utterance 3330_172156_000005_000004, CC BY 4.0	3ee2a40a38a512eb0a3e018d926516c27b961b704254c3cc32b5dacdeb6eae48	297644
lt3357	Natasha	female	en	high	slow		LibriTTS-R speaker 3357, utterance 3357_28375_000003_000000, CC BY 4.0	62d5995006e9e6108aa1cd91d359d69d0464bb2340d8dc372aab53cd31f7f031	272684
lt3361	Amber	female	en	high	slow		LibriTTS-R speaker 3361, utterance 3361_1150_000011_000000, CC BY 4.0	0866c757efe9aff2105401e54feb4b652ace27f34e2d61afe723986b66662305	313004
lt337	Gabriella	female	en	high	slow		LibriTTS-R speaker 337, utterance 337_123025_000016_000001, CC BY 4.0	e18a20a21478c7ce795d68f83450267d88577e7682fb95ffa9a40c633cdd1097	249644
lt3380	Dortha	female	en	high	even		LibriTTS-R speaker 3380, utterance 3380_64298_000006_000014, CC BY 4.0	a3dd7d6c976b685636caa45dc03b826da638243761806c35a32132938f7a96ee	276524
lt339	Leola	female	en	low	brisk		LibriTTS-R speaker 339, utterance 339_132717_000128_000001, CC BY 4.0	d4ea0d8c0c24e3d1a0e565b4c82a24ff17300aebf09b3276dd81a38fd904e6f0	324524
lt3446	Agatha	female	en	high	slow		LibriTTS-R speaker 3446, utterance 3446_144019_000024_000000, CC BY 4.0	e657a3aa24f8f7bbd0aa2b8edcb057e2905123cca07206742715e1f8fc2659ba	301484
lt3482	Gale	female	en	low	slow		LibriTTS-R speaker 3482, utterance 3482_170453_000024_000000, CC BY 4.0	4ffe5b1b08a8f1c511695a873d31ff9d808f5d92af72ca9e59db4edcad08d34d	303404
lt3493	Kenya	female	en	mid	even		LibriTTS-R speaker 3493, utterance 3493_46712_000011_000003, CC BY 4.0	7ccefc4237c214fd0ee2bdb0bce0dbcdf3ba0d8325e9254ff1c50de283bf7c58	240044
lt3513	Tamika	female	en	mid	even		LibriTTS-R speaker 3513, utterance 3513_163607_000023_000002, CC BY 4.0	21d4091d8351223f6ac79af19904957e9a664a22dc8c51de96d7aadc3c7ba177	280364
lt3537	Lessie	female	en	low	even		LibriTTS-R speaker 3537, utterance 3537_5704_000001_000004, CC BY 4.0	94146a1b77c98b554160e869e9dd6ce133c6be232a3b59186387f825c9319e4d	336044
lt3546	Mathilda	female	en	low	even		LibriTTS-R speaker 3546, utterance 3546_175390_000046_000000, CC BY 4.0	d1770a5dcd8dd692bbdb9e97d877ea47be8785546ede6a801fea85e8e24f08ab	289964
lt3549	Stacy	female	en	mid	even		LibriTTS-R speaker 3549, utterance 3549_8890_000002_000000, CC BY 4.0	6625aa174cece23819a433ca4e847f516a3a20a7e9a3d49e63d2fda35e646d2c	307244
lt3551	Claudie	female	en	low	brisk		LibriTTS-R speaker 3551, utterance 3551_7884_000017_000002, CC BY 4.0	ccf3fb6fc6d0827e17199ca9edc9d4b4b89e82ef0654e171cb83344fe81543eb	297644
lt3584	Velva	female	en	high	brisk		LibriTTS-R speaker 3584, utterance 3584_74477_000019_000000, CC BY 4.0	cc4827ad69eb017d89d39277f68380bfd56c0c3c7e6481ee1e8070728f53c16f	328364
lt3615	Caitlin	female	en	mid	brisk		LibriTTS-R speaker 3615, utterance 3615_14674_000038_000002, CC BY 4.0	b945803db3cdf9784d38459f14cd94cbb0c1a7f7ef1390366c5348f1a28d3d36	240044
lt362	Victoria	female	en	high	slow		LibriTTS-R speaker 362, utterance 362_123047_000020_000001, CC BY 4.0	92d048601165ce1943d5b99997780bfb598f338a311a7f78b6dfeffe4e4f294e	301484
lt3630	Ada	female	en	mid	brisk		LibriTTS-R speaker 3630, utterance 3630_11612_000023_000000, CC BY 4.0	323f62224afc478bbda4a8103f67280205f3cc41b92ad00c35d4c5ed7b1d265b	330284
lt3645	Deena	female	en	low	brisk		LibriTTS-R speaker 3645, utterance 3645_39840_000019_000000, CC BY 4.0	489cb8a1df9a587030ae7904ab01f889b9c55efcff3c434820e085adbc1ee5e5	336044
lt3703	Gina	female	en	mid	slow		LibriTTS-R speaker 3703, utterance 3703_71550_000016_000003, CC BY 4.0	e165eeef0f4be7392097d2a5062382142b5f327c75c36887e9b8786b4bb31041	299564
lt3728	Selena	female	en	low	even		LibriTTS-R speaker 3728, utterance 3728_105398_000031_000002, CC BY 4.0	c5a39e7a78ed5af603d4f5946841b2ec6bba0777705f57446894970f34ffdfdf	251564
lt373	Corrine	female	en	high	slow		LibriTTS-R speaker 373, utterance 373_130977_000023_000001, CC BY 4.0	be9b0976526d5904c30eb8052b8638356810c679d7d6fba77b57ef205c0d158a	249644
lt3733	Abbie	female	en	high	slow		LibriTTS-R speaker 3733, utterance 3733_140718_000013_000001, CC BY 4.0	514b102d4c77985552954a8c8ffb9c7050474e0fdbe43b24ee3f08549c497dce	247724
lt3781	Kyla	female	en	high	slow		LibriTTS-R speaker 3781, utterance 3781_156981_000026_000004, CC BY 4.0	363cbe3f451f04320c322495dd2d86b1ad91aa064aae7bcfa5291c42b240e9f7	266924
lt3790	Caren	female	en	low	brisk		LibriTTS-R speaker 3790, utterance 3790_39761_000007_000007, CC BY 4.0	273b4b6348ee15fff8a37adfe0889487a261a4d099f95bf43e6ae0414f8cbb27	261164
lt380	Brandi	female	en	low	even		LibriTTS-R speaker 380, utterance 380_129066_000006_000000, CC BY 4.0	194ad7846bb9f1af0f5515a80cee1dc82b2e9c00a9e8a4eebae80f6dd10a1a69	284204
lt3816	Amy	female	en	mid	slow		LibriTTS-R speaker 3816, utterance 3816_290923_000018_000001, CC BY 4.0	591ff94d8fe1a7746f12440041f9f323087f75a62bd65425e164a7b242876a67	305324
lt3851	Erica	female	en	low	even		LibriTTS-R speaker 3851, utterance 3851_9210_000088_000000, CC BY 4.0	db7d0cebbaf7c401709a7168c161d0f74c1122c1a00b871833ab64b2f74df2fb	253484
lt3852	Trista	female	en	mid	even		LibriTTS-R speaker 3852, utterance 3852_175448_000016_000008, CC BY 4.0	c56ffca4b8c3eb327e2c977c2c56d44ae1d9d6be473e90bb1ce49f17d9d296e8	270764
lt3876	Luz	female	en	high	even		LibriTTS-R speaker 3876, utterance 3876_174953_000008_000003, CC BY 4.0	8a0377200187b3640906120150d0113655f03b02f11b08a41d36292413a98453	295724
lt3889	Sherry	female	en	low	even		LibriTTS-R speaker 3889, utterance 3889_9915_000016_000000, CC BY 4.0	cdf4c205912bedafb3966668661955f6e3eccccab2cbd8271095f38c47bd3e5a	293804
lt3905	Consuelo	female	en	high	brisk		LibriTTS-R speaker 3905, utterance 3905_149791_000035_000000, CC BY 4.0	2225e5e2262d56b19721419db7e2419ac50fc129423c5a6a0e310a5436d72dbf	266924
lt3922	Erna	female	en	mid	brisk		LibriTTS-R speaker 3922, utterance 3922_715_000069_000001, CC BY 4.0	7c6e1a374eb45bb07fdbcc924fef2188a5a0f80bcde098fd14cb88e60c214702	265004
lt3967	Arvilla	female	en	low	slow		LibriTTS-R speaker 3967, utterance 3967_292604_000019_000009, CC BY 4.0	7ad5d701dbd7b8140265b1479dd2b931ca0d998d336724454ca044310af4df36	241964
lt3972	Sherri	female	en	mid	brisk		LibriTTS-R speaker 3972, utterance 3972_170212_000033_000000, CC BY 4.0	f3e6ffe07dc6e4f03812ec8da3639364bb5e6841ead204780ebc89564028e728	240044
lt3979	Claudia	female	en	mid	even		LibriTTS-R speaker 3979, utterance 3979_10701_000051_000000, CC BY 4.0	3c05690389e64c927e303734e076565493f587c437d7af2554475197937c53f1	247724
lt3994	Diana	female	en	high	even		LibriTTS-R speaker 3994, utterance 3994_149798_000025_000000, CC BY 4.0	761bb185ed9a84fb630ad60a2092fac5ad764989d0b021426ccc97d58fe09de9	266924
lt4044	Hazel	female	en	high	slow		LibriTTS-R speaker 4044, utterance 4044_9010_000043_000000, CC BY 4.0	90505d66b5844ebb1af99f1947cc3446fbeec506ab8a3c2462c4527cc5b1196a	318764
lt4057	Lillie	female	en	high	even		LibriTTS-R speaker 4057, utterance 4057_11254_000004_000001, CC BY 4.0	02fbfba89c664417ddc580d42593513d3b3c3dcfd3a80aaab920653e333192b8	241964
lt4064	Tonia	female	en	low	slow		LibriTTS-R speaker 4064, utterance 4064_77779_000024_000000, CC BY 4.0	734a7db3639d467fa9ca7383908f3a16892b35f910c17f275c97cd50418142cc	266924
lt4098	Claudine	female	en	high	brisk		LibriTTS-R speaker 4098, utterance 4098_11546_000033_000001, CC BY 4.0	9679fd183d1eff4f7533122c8b141276b475539ae01f3936d7228c2242594cb5	278444
lt4111	Viviana	female	en	high	even		LibriTTS-R speaker 4111, utterance 4111_184448_000034_000001, CC BY 4.0	2e7856e4ef2d8d181d61481926f09d410c7feeafaf2df4c4e06c574cb19cc6cc	257324
lt4116	Alina	female	en	low	brisk		LibriTTS-R speaker 4116, utterance 4116_3582_000034_000000, CC BY 4.0	8824b99732a415a91a280961f534ab9e48059c2f2b207175f8e3b3343ed1642b	309164
lt4138	Jenifer	female	en	mid	brisk		LibriTTS-R speaker 4138, utterance 4138_11079_000024_000000, CC BY 4.0	e2ad245ca00bfe3820168b530dd17b4867fb0e93535ab9fa53f6060b7ea3069a	326444
lt4145	Lorraine	female	en	mid	even		LibriTTS-R speaker 4145, utterance 4145_34497_000014_000000, CC BY 4.0	4018c1c8debc1e1c103490837378f3d1c9058933e2a7679e420fc711bc911fb1	274604
lt4222	Carrie	female	en	mid	brisk		LibriTTS-R speaker 4222, utterance 4222_12898_000008_000000, CC BY 4.0	58f38a448e33f9c085132aea90064d55633f6ae7943463831e07a09be427ca90	324524
lt4238	Lulu	female	en	mid	slow		LibriTTS-R speaker 4238, utterance 4238_12895_000007_000004, CC BY 4.0	02265d888634e32d9a21922d62f3cb6e64a457a1015f52e40e3271ebebaa8a0c	253484
lt4260	Paola	female	en	mid	even		LibriTTS-R speaker 4260, utterance 4260_176853_000010_000013, CC BY 4.0	2c44ddc3312124e1ebb0f6e13046c958031ac88b6a5cee1a836a462d362742d4	324524
lt4289	Emily	female	en	low	even		LibriTTS-R speaker 4289, utterance 4289_21393_000006_000008, CC BY 4.0	0a06859b6ac1d4023432013cf3df85b0e57f41f9bccc96607eb71d613c3b2dc8	303404
lt4331	Madison	female	en	mid	brisk		LibriTTS-R speaker 4331, utterance 4331_57179_000019_000002, CC BY 4.0	40be1a7a018119941b30700e40ab9eda8d3c1d2022311099de5dc12128a60482	268844
lt4363	Estell	female	en	low	slow		LibriTTS-R speaker 4363, utterance 4363_11049_000171_000006, CC BY 4.0	25edc86ed6a45d5733f93bf8da29688a1aecb581c6615ed7d2bec7e4e9270555	270764
lt4381	Elva	female	en	mid	slow		LibriTTS-R speaker 4381, utterance 4381_14904_000009_000005, CC BY 4.0	fcdeed1f1c41c406535e11fa3f892e188f6e53c23a6237bef9fdb322a2f6a7a1	241964
lt4427	Roma	female	en	low	even		LibriTTS-R speaker 4427, utterance 4427_41933_000023_000001, CC BY 4.0	16ffc40e4c70af4de9033f8d6457081817ba346111a44a773c8e96640ef85625	316844
lt4434	Melissa	female	en	mid	even		LibriTTS-R speaker 4434, utterance 4434_73957_000010_000002, CC BY 4.0	2f3b7509b7cdb76d5faabc55826789616cd5f11ea30fda67b86b827d43aa3cb9	280364
lt4490	Desirae	female	en	high	slow		LibriTTS-R speaker 4490, utterance 4490_16020_000021_000000, CC BY 4.0	327c9c08d3bdb20d89157e712dc6d4fee745ae9fe9864ef7558cc20116e091d9	255404
lt451	Eliza	female	en	high	brisk		LibriTTS-R speaker 451, utterance 451_126826_000043_000003, CC BY 4.0	4aa20d01dd93224057956ab78bf30acec0b7565c3981ad3f5eb0da13e22784b5	247724
lt4519	Daniella	female	en	low	even		LibriTTS-R speaker 4519, utterance 4519_80189_000005_000000, CC BY 4.0	c55b780471bd2a22a3bc68fb68675afe20e33c9ab99635c2b625c5c4edc9e69e	288044
lt4592	Sydney	female	en	mid	brisk		LibriTTS-R speaker 4592, utterance 4592_22179_000060_000000, CC BY 4.0	6e066fbf0d932c5088f5a064096a41d8bc11a3a79d96a3f8b3e5e97514c4c479	318764
lt4598	Birdie	female	en	low	even		LibriTTS-R speaker 4598, utterance 4598_6176_000004_000001, CC BY 4.0	8cd99192708779e719f58c5ce63a67ee748df71ea0d4e76f4cf4744bfd975781	266924
lt472	Molly	female	en	high	even		LibriTTS-R speaker 472, utterance 472_129994_000032_000000, CC BY 4.0	199d4d359826df5ffad2b227089af029247dbe3ff85501e4e04028aa7ee18103	280364
lt4731	Lura	female	en	mid	brisk		LibriTTS-R speaker 4731, utterance 4731_95870_000012_000001, CC BY 4.0	e03c0cf889e5e566dbb44731e9aa89fdbbd157646060da25d65529d7116d2b2b	284204
lt4744	Inga	female	en	low	brisk		LibriTTS-R speaker 4744, utterance 4744_31668_000025_000001, CC BY 4.0	3a35f0a0fc89b912bf974da3fea3bba89a60344965b6806b83077e8783a23107	291884
lt479	Maryjane	female	en	high	brisk		LibriTTS-R speaker 479, utterance 479_107480_000014_000002, CC BY 4.0	1835a5868787bfe7005efd67d6c0e1d2e8e177afd4164051126d2cfec930ef06	284204
lt4800	Marguerite	female	en	low	slow		LibriTTS-R speaker 4800, utterance 4800_73729_000020_000001, CC BY 4.0	eaec6a342dde8a1deb90b9f86c0a0d73eb7271db439ed7a1c7c8bcae81286e76	334124
lt4807	Ollie	female	en	high	brisk		LibriTTS-R speaker 4807, utterance 4807_26852_000022_000001, CC BY 4.0	d8ecebb3cd10b152a0f96befb7ff4eb9849929118f370bbf714408232e52a021	280364
lt4837	Leann	female	en	mid	slow		LibriTTS-R speaker 4837, utterance 4837_285896_000019_000000, CC BY 4.0	865ae59b27bf4dc5684ec018db3639eafa55ca3c8c53461d04981016e704145c	249644
lt4839	Yasmine	female	en	low	brisk		LibriTTS-R speaker 4839, utterance 4839_15305_000003_000007, CC BY 4.0	9b7ab2f577a8ca4d50481ffd458bc03225406eb882390179b2b77084b32e5e4c	253484
lt4957	Gussie	female	en	mid	brisk		LibriTTS-R speaker 4957, utterance 4957_36386_000013_000002, CC BY 4.0	c146b7611a097c2ecd7812c887c2487614f0ab5ca17621a1754c17873000725e	309164
lt4967	Roxanne	female	en	high	even		LibriTTS-R speaker 4967, utterance 4967_28868_000024_000000, CC BY 4.0	c8c65d15b3a3fed0def9f5c7d92e0e232c2df92140e3a324088debeb594a30cc	249644
lt5007	Thelma	female	en	low	even		LibriTTS-R speaker 5007, utterance 5007_31603_000028_000001, CC BY 4.0	e92307e43e102cc23f1d1bf96f697023a4e82dc3379fb1d5f73ad4bf04bb7e49	291884
lt5012	Deloris	female	en	high	even		LibriTTS-R speaker 5012, utterance 5012_31097_000010_000002, CC BY 4.0	f7e97cacb56c5bf22c82c1f678a5e6144cdf10d34a7a2bd70f915871cf44374e	295724
lt5029	Elsa	female	en	high	slow		LibriTTS-R speaker 5029, utterance 5029_31091_000028_000000, CC BY 4.0	0fc3e1bd8c444631983dc2e6823e3de8a610a70147726a9a39bd826802e5df75	247724
lt5039	Alivia	female	en	mid	even		LibriTTS-R speaker 5039, utterance 5039_1189_000020_000000, CC BY 4.0	38a48e563e1300310ab6f430107d2659419846e70477222e9188f4d1eaedc6c4	276524
lt5054	Cordelia	female	en	mid	slow		LibriTTS-R speaker 5054, utterance 5054_18527_000021_000000, CC BY 4.0	36a13d31605b3e525fda300bb562e023ceaf8f98fcec7ea86d65227c4938c5d5	247724
lt5062	Dominique	female	en	mid	slow		LibriTTS-R speaker 5062, utterance 5062_294700_000028_000009, CC BY 4.0	7b3902d55de0386a8a972c1110341a0ebaf59c056b4d5bc3b17148659ec5d03d	274604
lt5093	Judy	female	en	mid	even		LibriTTS-R speaker 5093, utterance 5093_48377_000004_000005, CC BY 4.0	311947358258bf9cf989c4a467d5d9d59386a75a9fad7dabce98b82edcb90db1	293804
lt5115	Lennie	female	en	low	brisk		LibriTTS-R speaker 5115, utterance 5115_26947_000018_000004, CC BY 4.0	a11c1768d6a258721440e521c5694c4c8e2d105e1d654f21af34f9db38f75a4b	270764
lt5133	Cathleen	female	en	low	slow		LibriTTS-R speaker 5133, utterance 5133_30591_000044_000006, CC BY 4.0	831882a186fc3929d8c9fc25df716c4a94ce25e40e7359f73fb6851227704dab	272684
lt5139	Sabrina	female	en	mid	even		LibriTTS-R speaker 5139, utterance 5139_61422_000010_000003, CC BY 4.0	7c9e92633318efc95f6624ff355f0a54a25fde209da64f9a23b6691ce9c8b834	318764
lt5154	Abby	female	en	low	brisk		LibriTTS-R speaker 5154, utterance 5154_26559_000011_000004, CC BY 4.0	7ee75c613c63255e3f332bf0d009645d16c65f9fea10cf4637295e8c3a92eb50	259244
lt5266	Carley	female	en	low	slow		LibriTTS-R speaker 5266, utterance 5266_41151_000042_000001, CC BY 4.0	38658df1e4c5f958507c227d5c7c36bf215f6c59706444097fb0434725af68f0	259244
lt5290	Sofia	female	en	high	even		LibriTTS-R speaker 5290, utterance 5290_26685_000053_000000, CC BY 4.0	a16d2e9af47715f5693c163f02b4b791ccb16a5b390f9db4ac3225416a9cfbd7	299564
lt5337	Cecelia	female	en	mid	brisk		LibriTTS-R speaker 5337, utterance 5337_37090_000009_000015, CC BY 4.0	0641825a48d3bd43f5ca3df6aebcf7a53ea0b3f274cdf53596ee75c73a3e1aeb	266924
lt534	Karla	female	en	mid	slow		LibriTTS-R speaker 534, utterance 534_127538_000017_000000, CC BY 4.0	8c4e8fe8b9e3bfd4c0d2cf0d937ce7537b6711d8da392806b1eb897caca5f386	305324
lt54	Frankie	female	en	mid	slow		LibriTTS-R speaker 54, utterance 54_121079_000121_000000, CC BY 4.0	9db9c1b8f0985dea50c8f97b50c8261b7410eeef5d4a8097a554d42ab3bc148c	257324
lt5400	Aniya	female	en	low	brisk		LibriTTS-R speaker 5400, utterance 5400_3587_000025_000002, CC BY 4.0	158547654acf9296f51f0d96871b57fda6ce2dec38e62cdb5631bf86f30c811e	247724
lt5489	Yolanda	female	en	low	even		LibriTTS-R speaker 5489, utterance 5489_10988_000053_000000, CC BY 4.0	62527ffea20e8608571ac8f6a12c2ddf973b34b09804fde798afd3473a640a1b	280364
lt549	Gertie	female	en	high	even		LibriTTS-R speaker 549, utterance 549_126410_000016_000002, CC BY 4.0	718d6eb260abfe21ef3b3f8b9fde4c863a9c55c51820549e99a529662113044b	303404
lt5538	Rebekah	female	en	mid	even		LibriTTS-R speaker 5538, utterance 5538_224746_000032_000002, CC BY 4.0	cc7c673896b42d4130c196602a7141f92aa4e012cb11eaa37c0a5702f1ac4b52	297644
lt5570	Susana	female	en	mid	slow		LibriTTS-R speaker 5570, utterance 5570_73846_000041_000002, CC BY 4.0	964bac85451bc5bb1d8f0e0a03bfe1f1b1282a85a35ec8202c8fd2afc4416d54	243884
lt5583	Lesly	female	en	high	slow		LibriTTS-R speaker 5583, utterance 5583_38026_000079_000001, CC BY 4.0	745dfbe1e706c349cbbc9d1d617950b3ced0aa1ca6f79c0cd9683019183b4896	280364
lt5588	Earline	female	en	high	slow		LibriTTS-R speaker 5588, utterance 5588_68188_000050_000001, CC BY 4.0	e595d08a15a9157e4d97f7593cd2edd7697dfe0a6ce46bb6e1b89c9c962c7423	334124
lt56	Lavonne	female	en	mid	brisk		LibriTTS-R speaker 56, utterance 56_1730_000014_000001, CC BY 4.0	4640729b422fbd50373db26667aa60596b89b304d08368f9b92c39795057fa1e	241964
lt5604	Macie	female	en	mid	brisk		LibriTTS-R speaker 5604, utterance 5604_26956_000022_000001, CC BY 4.0	09164ad80d6ca1763eae12c7f059e14388ba3a2694cc9702868206006c26e4cd	299564
lt5606	Mitzi	female	en	high	even		LibriTTS-R speaker 5606, utterance 5606_54667_000065_000001, CC BY 4.0	55fe3e3c15c062225bec39f533ff5e997f081ca35876dc413a13a5bd86829a67	245804
lt5618	Cathrine	female	en	low	even		LibriTTS-R speaker 5618, utterance 5618_48830_000097_000004, CC BY 4.0	059ed5906c7f77a1902b0b65e5ec359ee9de659993811d6829eb12c50afe6dd4	257324
lt5622	Lori	female	en	high	even		LibriTTS-R speaker 5622, utterance 5622_41172_000021_000000, CC BY 4.0	e5c68347f00adca04ce954cb5ccaf9f161b5f557946c9ccd62430bd0c4126f6d	240044
lt5655	Maggie	female	en	mid	even		LibriTTS-R speaker 5655, utterance 5655_46268_000048_000002, CC BY 4.0	3e5ee89c0343ffa35daf32735650516be620138bb3189bcea175395211306cda	284204
lt5660	Enid	female	en	high	slow		LibriTTS-R speaker 5660, utterance 5660_101892_000040_000002, CC BY 4.0	01b37f9e12342a6d59f7adcfade7da7ac6b3850450b780242679d0f307565a01	243884
lt5684	Heidi	female	en	high	brisk		LibriTTS-R speaker 5684, utterance 5684_46240_000027_000004, CC BY 4.0	eff852c29fc665511435eaf0ce6421e6c64d6a93b9a7cc86335eba5cac772bda	284204
lt5712	Delphine	female	en	high	brisk		LibriTTS-R speaker 5712, utterance 5712_48842_000061_000001, CC BY 4.0	7193a606606efe031e9761f4a0d30de4b3278aff42a3f6b37162ad4a8c3788b6	309164
lt5723	Berenice	female	en	low	even		LibriTTS-R speaker 5723, utterance 5723_49750_000009_000008, CC BY 4.0	11463e39e3aac6ee1cbde3d635b4f5dba9a73a8651765c5ff8dbc72b012f7f4d	268844
lt5724	Julianne	female	en	low	even		LibriTTS-R speaker 5724, utterance 5724_13364_000076_000001, CC BY 4.0	ef0501a8530c78978faf4235ee0b543fd5de677e16b47092e7a69d7199391f4e	272684
lt5731	Alaina	female	en	mid	brisk		LibriTTS-R speaker 5731, utterance 5731_50778_000004_000000, CC BY 4.0	ab26de4aa84f81dcbfec1db9d3804a073687ac5515dbf0d8c8aad835b60a728b	316844
lt5740	Hannah	female	en	mid	brisk		LibriTTS-R speaker 5740, utterance 5740_97593_000039_000001, CC BY 4.0	bbcbdee4877e60e088bfd3be0edb2348a5428e8ebfcc8af188b1d6bd5355cf72	286124
lt576	Christine	female	en	low	even		LibriTTS-R speaker 576, utterance 576_129623_000096_000002, CC BY 4.0	d0e8672efd7e6bd26b9fb04b850853e7a4ecb09ef26b37c302a1944ce86bc85d	282284
lt5809	Abbey	female	en	mid	even		LibriTTS-R speaker 5809, utterance 5809_51163_000003_000000, CC BY 4.0	678291f59c85eb5f9dd3ce3726f440f6b3116d14496da2019cb52848eea770c4	313004
lt5876	Madeleine	female	en	mid	even		LibriTTS-R speaker 5876, utterance 5876_10347_000016_000002, CC BY 4.0	337891c659d546ac78cfa6c8b86da713c586e4f5a3d4c480e43f3cde5f0d178e	286124
lt589	Ashlee	female	en	high	brisk		LibriTTS-R speaker 589, utterance 589_139200_000023_000005, CC BY 4.0	200e2e1ffb178f24d7245f8a11b9dafdd21ffcb0a2a70b0b358c6ad10f5d94cf	320684
lt596	Tatiana	female	en	low	slow		LibriTTS-R speaker 596, utterance 596_139612_000023_000003, CC BY 4.0	2c305f96c3e60dba2a403f565847b07dc93fa7ef5924ff6529db4372aac00ea1	301484
lt5968	Lucretia	female	en	low	brisk		LibriTTS-R speaker 5968, utterance 5968_71320_000034_000000, CC BY 4.0	cf52db13727487ff11ce607b34a2e3c7a166b223ff8d2ec969d9942e52bf634e	280364
lt597	Kelsie	female	en	mid	slow		LibriTTS-R speaker 597, utterance 597_134789_000013_000009, CC BY 4.0	16f887879c123c207eb1bab3541cac57bfb192c74f31bd3b99f38ab19c0fe632	336044
lt598	Kaylyn	female	en	mid	slow		LibriTTS-R speaker 598, utterance 598_127704_000026_000008, CC BY 4.0	62dbf973db170ce20b55dccde53a2f477effcfc7df06519730b1725eb0bb71db	314924
lt5984	Geraldine	female	en	mid	slow		LibriTTS-R speaker 5984, utterance 5984_56837_000009_000000, CC BY 4.0	d0011d0ab368b304caf53d30b75182dbc7e02cdb0f5df53901170434aa16817b	276524
lt6006	Rachael	female	en	high	brisk		LibriTTS-R speaker 6006, utterance 6006_57831_000003_000000, CC BY 4.0	426477ef2f0619edb893f40242fc356c3d69a98dbf5c73be94038e65a36eb390	274604
lt6014	Kaitlyn	female	en	low	brisk		LibriTTS-R speaker 6014, utterance 6014_32856_000015_000008, CC BY 4.0	351333fd692e626fdb6a131ec99fa6f291ce0bc7ae6e8d50eaea22571b5c0430	314924
lt6032	Marta	female	en	low	slow		LibriTTS-R speaker 6032, utterance 6032_58192_000003_000005, CC BY 4.0	59907f0f8febc558cd86405a1875ba10d2cf6edc9880c447276f67bc56331727	249644
lt6038	Madalyn	female	en	low	even		LibriTTS-R speaker 6038, utterance 6038_56777_000003_000000, CC BY 4.0	e0804757dc8794e912381013c4e31c015ba4ff9d01c6932d143da910373c0448	311084
lt6054	Yvonne	female	en	high	brisk		LibriTTS-R speaker 6054, utterance 6054_41610_000078_000000, CC BY 4.0	0def03e04af329efbc914287cd1660b712e91c3d73486884b1895b7b315d68f8	247724
lt6082	Geneva	female	en	mid	even		LibriTTS-R speaker 6082, utterance 6082_56174_000028_000000, CC BY 4.0	33c1c51710b7e3991e76c72ec9b6823a2d6c78022f1c262a40af52a6aab5bceb	272684
lt6099	Rubye	female	en	high	slow		LibriTTS-R speaker 6099, utterance 6099_69550_000026_000004, CC BY 4.0	887718b2ade9971152fd18e5ed656790cae1267808b504aa110e49fd19b4d414	247724
lt6104	Teresa	female	en	high	even		LibriTTS-R speaker 6104, utterance 6104_58843_000048_000000, CC BY 4.0	4b88254ba4102e00887573eec2060257e72f645d5aaa2698adb0edf16c87f9f5	280364
lt612	Freda	female	en	mid	even		LibriTTS-R speaker 612, utterance 612_121766_000042_000000, CC BY 4.0	3b56eac735bd6aac0b995395f1a4d329a4f615f7e1d2caa21de5b75ef3f88f16	245804
lt6120	Bess	female	en	low	brisk		LibriTTS-R speaker 6120, utterance 6120_56179_000012_000001, CC BY 4.0	aee50b7e708b930656568f721d55228bce1013e7bb15f5db74a188e955fef33a	314924
lt6139	Judith	female	en	low	slow		LibriTTS-R speaker 6139, utterance 6139_58868_000044_000007, CC BY 4.0	21f61c5892f3867cee18a8ca42f7dfaf4f5b0ffbea58bed53ab0556dab9b66e7	265004
lt6160	Camila	female	en	mid	even		LibriTTS-R speaker 6160, utterance 6160_44912_000032_000000, CC BY 4.0	668d45904b23d3cda2020fe086c8e3bb0a6b92362ea791078694abf32a228375	324524
lt6167	Elyse	female	en	high	slow		LibriTTS-R speaker 6167, utterance 6167_282391_000015_000000, CC BY 4.0	f1a12b1f361aed84981548e8568bdaa3a12aee42a1b5a7d503319815c8864072	247724
lt6188	Savanna	female	en	low	even		LibriTTS-R speaker 6188, utterance 6188_78885_000014_000000, CC BY 4.0	b11438a31c9aa36ea13d5564e961b61c70f13608fbe2e0bd85fb925d84764f93	263084
lt6189	Vesta	female	en	mid	slow		LibriTTS-R speaker 6189, utterance 6189_64708_000003_000000, CC BY 4.0	1e7069d2bb2097b08adcccba319106e46637c5a355517e6b722f284c840e15e2	243884
lt6206	Maxine	female	en	high	brisk		LibriTTS-R speaker 6206, utterance 6206_14958_000041_000003, CC BY 4.0	38123809d53b1439c33fe4b780dccbbef9a12f20cf3c29ff4a35af141fd04c02	309164
lt6215	Kayleigh	female	en	mid	brisk		LibriTTS-R speaker 6215, utterance 6215_68888_000057_000000, CC BY 4.0	2298503d089680bba7b7b6dde3664524f189ad554bee1001fc3c955287a4f379	251564
lt6233	Syble	female	en	mid	brisk		LibriTTS-R speaker 6233, utterance 6233_61743_000010_000000, CC BY 4.0	58e57df609a54a690bd86ce2676c2914bfc632ba6a9b350ffbba117a59013648	241964
lt6235	Marvel	female	en	mid	slow		LibriTTS-R speaker 6235, utterance 6235_36641_000039_000001, CC BY 4.0	01bbaf55d6f1852ad5fb2766fca8d17eeb3d1dec77a20ce575ca39eece5b7669	293804
lt6286	Carly	female	en	low	slow		LibriTTS-R speaker 6286, utterance 6286_69422_000018_000002, CC BY 4.0	4c2ed9a8f5dea564f5ad2a3a8c491c356925a0b17e907d4c92929a6688323cf0	301484
lt6288	Danette	female	en	mid	slow		LibriTTS-R speaker 6288, utterance 6288_63105_000061_000002, CC BY 4.0	d23b62596f966a850e14144728e87c5c20bf043492c5c94167d326cdb896bfb4	330284
lt6300	Penny	female	en	low	even		LibriTTS-R speaker 6300, utterance 6300_39661_000081_000000, CC BY 4.0	8c8bd2e0218172ad09d69490cbe0d63b2feac8b2757cfe5526a01bcf52d84686	336044
lt6308	Perla	female	en	low	slow		LibriTTS-R speaker 6308, utterance 6308_68359_000014_000002, CC BY 4.0	18b8bc3e4b13aafa1d0556c7344fd8236e24fde8e4ba00a6c1aeb80aea952e23	299564
lt6317	Bonita	female	en	high	even		LibriTTS-R speaker 6317, utterance 6317_54487_000015_000000, CC BY 4.0	e606f0d57029b72621791c7dc10ed88e59127fd9278bfa45e57f92e8543ec0f9	276524
lt6339	Elouise	female	en	mid	even		LibriTTS-R speaker 6339, utterance 6339_65554_000021_000000, CC BY 4.0	51d2f0462f3805d8403a2c9d0cf71b319fa882b261d42e68a8661c9caa1a3491	291884
lt6341	Ronda	female	en	low	slow		LibriTTS-R speaker 6341, utterance 6341_64956_000101_000000, CC BY 4.0	55b813c4406ba0d063a1f2b8d28f65463d206425dc8b90c4a40d057a56fc9c44	268844
lt6352	Adah	female	en	mid	even		LibriTTS-R speaker 6352, utterance 6352_83633_000004_000005, CC BY 4.0	ef32e0ea6fd09f315eb8162b6b957f6b1efb2089f68cf6e85df3342966023b22	284204
lt6359	Adriana	female	en	low	slow		LibriTTS-R speaker 6359, utterance 6359_64713_000002_000001, CC BY 4.0	53eb8fa02070394d201cb774c0c17e09c2621c9cb3a7f6523af047bdf18251e1	332204
lt6371	Blanca	female	en	high	brisk		LibriTTS-R speaker 6371, utterance 6371_63713_000154_000002, CC BY 4.0	43c9f997cd50c1c516138ed8a03559e56922072bd16b608b2c11d73cfdfd789a	257324
lt6373	Reba	female	en	mid	even		LibriTTS-R speaker 6373, utterance 6373_65772_000023_000001, CC BY 4.0	18d89ac3d7efeb309fb7ffed2466c0ffb07e9c02b079146fe2c1c34f90756222	286124
lt6378	Beth	female	en	mid	brisk		LibriTTS-R speaker 6378, utterance 6378_61777_000016_000001, CC BY 4.0	01596637c34366e579fbc6c53f0863db0424148effbc9d7a1758b58a68bb4a82	263084
lt6388	Marianne	female	en	low	even		LibriTTS-R speaker 6388, utterance 6388_64974_000105_000000, CC BY 4.0	086a3dab783103329524af1e506a51a2e5dc693ac09628b958779c113c599a21	280364
lt64	Regina	female	en	mid	brisk		LibriTTS-R speaker 64, utterance 64_73712_000015_000018, CC BY 4.0	c09313bcb96b624bd8d852c952d7e3ae4f3fc7b5f7e8f0d092a67229b52c8e47	289964
lt6406	Tamara	female	en	high	slow		LibriTTS-R speaker 6406, utterance 6406_88089_000052_000000, CC BY 4.0	567b397d441a9bf98a17979c8abd9696ae85b4e467355a9e2fdc34a5dcadb1e8	280364
lt6426	Rubie	female	en	low	brisk		LibriTTS-R speaker 6426, utterance 6426_64292_000008_000003, CC BY 4.0	04f554d81a9c05a45c6fd5d114f42a1f05396c4b282e7f9756ab520e6706877c	272684
lt6505	Tressie	female	en	mid	brisk		LibriTTS-R speaker 6505, utterance 6505_231838_000060_000000, CC BY 4.0	ce8aa1b9094a91fa5af365d981b6ac2ffc4f76a5ad1a63ad73912964f4eeb5e5	297644
lt6509	Katheryn	female	en	mid	even		LibriTTS-R speaker 6509, utterance 6509_67147_000015_000000, CC BY 4.0	1edcf1f661c580c4bd57bf32c5e415ded8c7964bdf4c097133c6d1213f37a9c2	259244
lt6518	Stephanie	female	en	high	slow		LibriTTS-R speaker 6518, utterance 6518_66465_000026_000000, CC BY 4.0	bc9baff9fa358146377b4ddee90e41ed14e86d5d6ba3944635de525e50899bd9	266924
lt6519	Melva	female	en	low	even		LibriTTS-R speaker 6519, utterance 6519_69412_000016_000003, CC BY 4.0	864233768e23cb466eb6e2e2cb73f292a5cf21a95df122c56c96a14753a5b2b8	266924
lt6544	Gay	female	en	high	brisk		LibriTTS-R speaker 6544, utterance 6544_67863_000053_000000, CC BY 4.0	0c4db888b1087963b64fb9f4b4ba587f4144632528412f4d7b828bbc84b83272	330284
lt6567	Doretha	female	en	high	slow		LibriTTS-R speaker 6567, utterance 6567_53342_000021_000001, CC BY 4.0	06f1c1a4fafc2d804a1d660d48e24c6d5e8a21d634a1bf551e9c7ace2e8e485c	245804
lt6620	Wilhelmina	female	en	low	brisk		LibriTTS-R speaker 6620, utterance 6620_283138_000026_000008, CC BY 4.0	d285286224c252aae750a33d60b366be926918d3de476a6195a9c9ae8746e494	282284
lt6637	Kierra	female	en	mid	slow		LibriTTS-R speaker 6637, utterance 6637_69607_000018_000001, CC BY 4.0	ebd90f74a02a737ed6f30f7f0ed22b8997a061cf0836b74a4e929de9f21445b1	261164
lt664	Tayler	female	en	mid	even		LibriTTS-R speaker 664, utterance 664_129011_000039_000000, CC BY 4.0	42705d1de2d32c539c4d6991a7cad2ef9dc67e104ae31b75c4fd0d85145ab137	257324
lt6643	Adelaide	female	en	high	brisk		LibriTTS-R speaker 6643, utterance 6643_67857_000049_000001, CC BY 4.0	38234b1e1b216aa5f017f404c4ed9f1d7f09897247a4a1770c86788257bc3673	276524
lt666	Ebony	female	en	low	slow		LibriTTS-R speaker 666, utterance 666_11243_000003_000001, CC BY 4.0	b3b76b741fe743c99ceab4bd8bdc8f3a8fd7e2ec069f834096c0741f7d94beba	311084
lt667	Mertie	female	en	mid	brisk		LibriTTS-R speaker 667, utterance 667_107247_000036_000000, CC BY 4.0	e111cfe24c28afb85f959f58ce2c107840fc19bc44ef76d3af15cf650d2db41b	286124
lt6673	Patrice	female	en	low	slow		LibriTTS-R speaker 6673, utterance 6673_72311_000075_000000, CC BY 4.0	b1c96a03039b9a86966419b97bc17a80b20c8a87d508ac0c45294d6b14853c94	316844
lt6683	Mckenna	female	en	mid	slow		LibriTTS-R speaker 6683, utterance 6683_67218_000010_000008, CC BY 4.0	14100e8fafd6ab31c83cda9357b9a457169bcbcf3ba68919a4e9e1e3edd204cb	318764
lt6696	Tera	female	en	high	brisk		LibriTTS-R speaker 6696, utterance 6696_68773_000004_000000, CC BY 4.0	dd963611851211557e6c0899dbba2fe4da015195ae268ba21128138f015050cd	326444
lt6763	Marilyn	female	en	mid	even		LibriTTS-R speaker 6763, utterance 6763_74798_000006_000001, CC BY 4.0	e9be9adf9c81e0efdfa9ad4a6869ce2abb6e2489e9131fa0486d00983a70b2ee	305324
lt6782	Callie	female	en	low	even		LibriTTS-R speaker 6782, utterance 6782_61316_000029_000000, CC BY 4.0	2614d657f56ade4d7664f3f96cc94b1607c51d7989aee3ba90b5d1ae3fd43080	249644
lt6788	Tami	female	en	mid	slow		LibriTTS-R speaker 6788, utterance 6788_111574_000028_000002, CC BY 4.0	37f5e50ad8127cda29c4f5114f924ccafc3cf293f5163ed6f9921d5985720d22	311084
lt6828	Elsie	female	en	low	even		LibriTTS-R speaker 6828, utterance 6828_68770_000038_000006, CC BY 4.0	55f3b2785d7e8bb846c4b32cafaabdc0c3853ec2c15a1bde1373b810ef9d74d9	305324
lt6865	Lesa	female	en	mid	slow		LibriTTS-R speaker 6865, utterance 6865_95969_000016_000000, CC BY 4.0	956377b265d96d9beb1b189adb36ebe05e3bf8dd442b84d37054743b8c29e8a8	251564
lt688	Adrienne	female	en	mid	brisk		LibriTTS-R speaker 688, utterance 688_15446_000011_000000, CC BY 4.0	bdc48e9f2059440a95f8de827fd37b884638648dfc624ec828f9b5a71ea8a6ae	288044
lt6895	Chelsey	female	en	high	even		LibriTTS-R speaker 6895, utterance 6895_96175_000051_000002, CC BY 4.0	a009b9acf7f43bb0c14c88cdbdad6aeacaccd2e63c7380d1c01285260dbdb181	247724
lt6904	Alexandria	female	en	low	brisk		LibriTTS-R speaker 6904, utterance 6904_262291_000086_000000, CC BY 4.0	7b6b82176f8cecacd5df53db9a4366e23e3628868b846092b135c84085de27a1	301484
lt6918	Rosalyn	female	en	low	slow		LibriTTS-R speaker 6918, utterance 6918_61317_000061_000000, CC BY 4.0	3329de7aa7764847b4b0aab1552d9e67568b0b5e070e1bfc390680f80379485d	291884
lt6924	Mabelle	female	en	high	even		LibriTTS-R speaker 6924, utterance 6924_291608_000007_000009, CC BY 4.0	602e838542692acece872e9afff2624888ff16e56d34ff08fd72f277d68baf53	253484
lt6927	Hailee	female	en	high	even		LibriTTS-R speaker 6927, utterance 6927_87732_000014_000000, CC BY 4.0	3126b559fc734e6e506afccd20d06e1a6956543cfffc00c2290adc68d82d35ce	282284
lt6937	Shayla	female	en	low	even		LibriTTS-R speaker 6937, utterance 6937_112761_000049_000000, CC BY 4.0	477fe6bc15232d8bcf427041c2fd66d87ce6617ed1aa599ad648da249eb7bb5d	301484
lt698	Opal	female	en	high	brisk		LibriTTS-R speaker 698, utterance 698_122863_000038_000007, CC BY 4.0	ebeff497e368fee7440253ad7791c2d1a7ce96eebf1b154fa16a3f9f9afcacca	289964
lt699	Jayme	female	en	mid	slow		LibriTTS-R speaker 699, utterance 699_132882_000020_000005, CC BY 4.0	9d0a8a23fe6800e651293d426ba1a40a85586a306feecc26da5530a2eb15cac5	313004
lt7117	Florine	female	en	low	brisk		LibriTTS-R speaker 7117, utterance 7117_86710_000084_000000, CC BY 4.0	311265998540c023bc646e059fa44975352dcea247b0ffa6f13a4e9d55f3eebc	276524
lt7120	Megan	female	en	low	slow		LibriTTS-R speaker 7120, utterance 7120_76055_000043_000001, CC BY 4.0	479cc3a582c865f9b06601ce3206ba7723e62d483d19fe9683b76f6114e43e11	263084
lt7140	Daisy	female	en	low	even		LibriTTS-R speaker 7140, utterance 7140_72210_000029_000000, CC BY 4.0	d3162ac4c648b3e0dce3774aea8c4fe05ed57df64082904ffac217f7fb287c1c	334124
lt7145	Una	female	en	mid	slow		LibriTTS-R speaker 7145, utterance 7145_87280_000019_000000, CC BY 4.0	6eea0e73d7819d8de7404ff1f9465f310db16fc85ea1553d061185786cd3b255	263084
lt7229	Ruthie	female	en	mid	slow		LibriTTS-R speaker 7229, utterance 7229_80656_000028_000001, CC BY 4.0	25946c5087b6965c86f66f83c628561f72006ad28a8939958aed29595e893aa1	251564
lt7240	Bobbie	female	en	low	slow		LibriTTS-R speaker 7240, utterance 7240_92202_000027_000004, CC BY 4.0	408090c1ee02128b79129a573d220a4b5c6bd4578c432a9bf6c522d9d0eebca3	282284
lt7245	Dayna	female	en	mid	slow		LibriTTS-R speaker 7245, utterance 7245_104890_000031_000000, CC BY 4.0	554467df125b5c9d06d148e45af38840fa7465cd43be24a1a9f04836bd73f9ab	326444
lt7276	Hilary	female	en	mid	slow		LibriTTS-R speaker 7276, utterance 7276_90847_000047_000004, CC BY 4.0	2319fb353b3a3e7af4d49cf86d3bd4a40513499e2aca9c8b27632fa3577d593e	313004
lt7285	Tonya	female	en	high	slow		LibriTTS-R speaker 7285, utterance 7285_72207_000023_000001, CC BY 4.0	064d6e4fc939386141cfe4c9e830a84c6b7935812b44dc0c121bc3b09235a269	263084
lt7286	Golda	female	en	low	even		LibriTTS-R speaker 7286, utterance 7286_92930_000020_000000, CC BY 4.0	6278806f5c6059780664d195abbe251812103bcc8ce5ba0a98b60c8599f24916	305324
lt7294	Joselyn	female	en	high	slow		LibriTTS-R speaker 7294, utterance 7294_86026_000053_000000, CC BY 4.0	2d484af74e736d24323b7e980a2799bbe280a3594a12e73cd6dbe5300ea5d9cd	272684
lt7297	Heather	female	en	high	brisk		LibriTTS-R speaker 7297, utterance 7297_92812_000020_000002, CC BY 4.0	82745d6efe33619791ca5139abfe50081eb7c3e01825839b3b720c93eeb8fa3a	320684
lt731	Kerry	female	en	mid	slow		LibriTTS-R speaker 731, utterance 731_366_000018_000000, CC BY 4.0	cc5d77049b745bcb199b9b4d5092d19f2ba2d916c4fcad5a31014a80a235e808	247724
lt7316	Cindy	female	en	low	brisk		LibriTTS-R speaker 7316, utterance 7316_10642_000005_000000, CC BY 4.0	d17707cfc45379f7e77a443d3934ff6a3a01e397aff9e74fef21fc95a1762203	313004
lt7318	Ashley	female	en	low	even		LibriTTS-R speaker 7318, utterance 7318_96168_000009_000009, CC BY 4.0	4ca90957132cabff55074743ba01a49439cb5b08d197ccd7b15e840cf3ff13df	263084
lt7335	Bernice	female	en	low	brisk		LibriTTS-R speaker 7335, utterance 7335_290365_000033_000001, CC BY 4.0	fafdac4b0853599ce76cdbea7fbd6a715dbf3456e2b5e380adbc2e37c202e0b9	265004
lt7342	Abigail	female	en	mid	slow		LibriTTS-R speaker 7342, utterance 7342_73961_000004_000000, CC BY 4.0	d991b3606aeea5b22c633aa4ad2d1373388faae22bb5017283ae5e76843872a8	263084
lt7383	Alta	female	en	low	slow		LibriTTS-R speaker 7383, utterance 7383_95441_000077_000000, CC BY 4.0	62ec5813dd97a175f20cfce792b4f12370857c55ba5ca8d96ada4afc236546a6	307244
lt7384	Carmen	female	en	mid	brisk		LibriTTS-R speaker 7384, utterance 7384_84010_000074_000000, CC BY 4.0	595ce0ec1c5787143d723357f597e10e9ed95e4b736e91b6668d4b4966c0da89	274604
lt7395	Simone	female	en	mid	slow		LibriTTS-R speaker 7395, utterance 7395_89882_000000_000001, CC BY 4.0	e422a4dd7ef38548f3e11601b8498e64f9aae09e618d51e8801673e097e44c93	257324
lt7398	Payton	female	en	mid	brisk		LibriTTS-R speaker 7398, utterance 7398_98880_000011_000008, CC BY 4.0	d00cf5c670974d35a260c6399f3f5fcf515d34ac2dc3d76149ad93f0d5c244da	297644
lt7416	Tamera	female	en	low	even		LibriTTS-R speaker 7416, utterance 7416_103126_000052_000003, CC BY 4.0	95b52ade4d76943a22673da92c2c15f53295bd3d3fb7c78214ea80277d26caf2	309164
lt7434	Madie	female	en	mid	brisk		LibriTTS-R speaker 7434, utterance 7434_96672_000011_000006, CC BY 4.0	c0e2cf8743b9b884affee65285c5633b78104a7193d34b18ae388df9b0c86fec	266924
lt7445	Makenna	female	en	high	brisk		LibriTTS-R speaker 7445, utterance 7445_94526_000026_000006, CC BY 4.0	348770031ac16f5d230d427aefdfb861a7d6cb8abd287df62bf0fbcb10b3fe04	289964
lt7481	Mackenzie	female	en	low	slow		LibriTTS-R speaker 7481, utterance 7481_101276_000062_000002, CC BY 4.0	621599bc819094f759898bb5d18d47cda169679dff0bc53715f32616cb310494	274604
lt7495	Adell	female	en	mid	brisk		LibriTTS-R speaker 7495, utterance 7495_102612_000015_000000, CC BY 4.0	f5ac67daf5b8017cb126650949ee47cdd4feb2c5e543f79fc53ced15554b2941	334124
lt7498	Charmaine	female	en	high	slow		LibriTTS-R speaker 7498, utterance 7498_99156_000007_000000, CC BY 4.0	c0755f2a872b9c72bd2003b6614e0cb81d759b923f50c83bcccf4493ca3081a1	243884
lt7515	Allison	female	en	high	slow		LibriTTS-R speaker 7515, utterance 7515_220979_000018_000002, CC BY 4.0	90a513a277d3c41994092d4064e755ec674d0e9544da6a9fe8adf0f9cd0206da	245804
lt7525	Maria	female	en	high	even		LibriTTS-R speaker 7525, utterance 7525_92915_000018_000002, CC BY 4.0	6a60f9b5ad1c12594aa9acc6892b14c2c26f3306cd199f17054ecd9751edafce	265004
lt7555	Lea	female	en	high	even		LibriTTS-R speaker 7555, utterance 7555_101283_000028_000000, CC BY 4.0	52c3b5daeda349105ace925e67c16f6d86837dcac8372d3df3b7ab98521b66b4	249644
lt7594	Cierra	female	en	high	slow		LibriTTS-R speaker 7594, utterance 7594_81881_000083_000002, CC BY 4.0	f2942f0b8590b069c1fe2ac5f0fe4fdbbb4e000da7f4584469108b0379f67d53	243884
lt7717	Sheila	female	en	low	brisk		LibriTTS-R speaker 7717, utterance 7717_105405_000038_000000, CC BY 4.0	5d1172db5d04a9e3380d75f7fa50b3c72d4adecb31b2e78fb4dce33a6592bb86	241964
lt7730	Robbie	female	en	high	slow		LibriTTS-R speaker 7730, utterance 7730_304535_000016_000003, CC BY 4.0	54b6493e09f2a25c4dd0f91d4beaf043641ac5a496a46f46ebce01a709d00be7	253484
lt7733	Rosanna	female	en	mid	brisk		LibriTTS-R speaker 7733, utterance 7733_106800_000023_000000, CC BY 4.0	a9b940e4384065d97eb88ef95646f31d859eec008a3015ac2126bad2d3bc6a06	255404
lt7739	Sudie	female	en	mid	even		LibriTTS-R speaker 7739, utterance 7739_8592_000081_000001, CC BY 4.0	938ce1ffefc6acac09f39f062296f6c2b4e374430de72375d7eeb4a50135ac0b	257324
lt7752	Mary	female	en	high	even		LibriTTS-R speaker 7752, utterance 7752_113336_000012_000001, CC BY 4.0	7f152718d9e8cf907a803c1d99d5a8836d4d7ee2d6d8c0b4cf2b2d426b9ac985	293804
lt7754	Cassandra	female	en	mid	even		LibriTTS-R speaker 7754, utterance 7754_105383_000050_000000, CC BY 4.0	fcee45b878877bd8658cdfa808d3421fd7d48248eeb8ebf7bdeae4f080ed566e	265004
lt7766	Lynn	female	en	mid	even		LibriTTS-R speaker 7766, utterance 7766_109658_000079_000000, CC BY 4.0	43aaf3f41f2142b286c6a6be8b34e91d5b8c61274c85ead6a1aaf4bfb2b507b9	241964
lt7783	Loretta	female	en	low	brisk		LibriTTS-R speaker 7783, utterance 7783_107486_000027_000002, CC BY 4.0	e08641c665616e686adb291e3a90983ae907739849d96c704a6bf1efe3bbf2a5	293804
lt7789	Meredith	female	en	mid	brisk		LibriTTS-R speaker 7789, utterance 7789_103120_000088_000000, CC BY 4.0	35aa3a07230ac3ba51715e322f9f006f46b01ddfe9f0ae33b871dbdcd895832e	326444
lt7802	Minerva	female	en	high	slow		LibriTTS-R speaker 7802, utterance 7802_104391_000010_000002, CC BY 4.0	f3732c216a913ab5f9b84080ed256e7f62669df073be9cbf847bf87ea5accc4b	318764
lt7816	Jeannie	female	en	high	even		LibriTTS-R speaker 7816, utterance 7816_108621_000002_000000, CC BY 4.0	c0a350d856271b8a47e9a2eed3706739337a9c12aa15888803fb50eefee175e3	289964
lt783	Veda	female	en	low	brisk		LibriTTS-R speaker 783, utterance 783_126739_000053_000000, CC BY 4.0	f45fd9d469d96900705edd308c9f5b971c675ba9c12caea67cdbaf3707c67cd0	291884
lt7868	Cassie	female	en	high	even		LibriTTS-R speaker 7868, utterance 7868_110705_000028_000000, CC BY 4.0	8193b503789ea17b3ff7180da71905a964e09de898f8f3a03b90a213b9836be9	328364
lt79	Madeline	female	en	mid	brisk		LibriTTS-R speaker 79, utterance 79_121541_000110_000000, CC BY 4.0	bdc8b5b493a0c2499da0212f0ef781fb48a859a8281df97c684e8b35a142c0e9	295724
lt7910	Trisha	female	en	mid	even		LibriTTS-R speaker 7910, utterance 7910_294690_000017_000002, CC BY 4.0	5ce5f0041ce7b81e0948b21fa9f99d3a07b55c34b70c3d839cdb8736b5856a6c	316844
lt7932	Krystle	female	en	mid	even		LibriTTS-R speaker 7932, utterance 7932_93470_000075_000002, CC BY 4.0	d2d8dd7b64eada5da0323d8052cf57d94b15ef4d695493c544a7397a5f8b63ee	307244
lt7933	Crystal	female	en	low	brisk		LibriTTS-R speaker 7933, utterance 7933_113272_000022_000001, CC BY 4.0	edda4d14d4de64882379b274880d3e25e5d4de89b526ee05e98e78d53048f3a9	309164
lt7945	Delois	female	en	low	even		LibriTTS-R speaker 7945, utterance 7945_112011_000003_000003, CC BY 4.0	67887d7277c56ffc05be365f137176791381815ce058acad1de2e26e4c66f496	293804
lt7959	Lynne	female	en	high	slow		LibriTTS-R speaker 7959, utterance 7959_109176_000048_000000, CC BY 4.0	1c66ea5478085117cbc22dd7a337ac7f25d7df5919c9577cd8ea19cd79a7f938	263084
lt7962	Itzel	female	en	high	even		LibriTTS-R speaker 7962, utterance 7962_110061_000082_000000, CC BY 4.0	7aa65174df736ede879851b915fa6bc95e20e12c774a751398cb6ab6611af548	272684
lt7967	Roselyn	female	en	mid	slow		LibriTTS-R speaker 7967, utterance 7967_104986_000032_000000, CC BY 4.0	59547b95dfd504afa82a425d03a15f199e20e8699e39473526588bca47828cba	280364
lt7982	Ina	female	en	mid	slow		LibriTTS-R speaker 7982, utterance 7982_245691_000034_000002, CC BY 4.0	79f5d24c81f294ad9bf3ae6206b376d604ee05ce4028ffc7cb0c8b09b43f8b25	324524
lt7994	Peyton	female	en	low	even		LibriTTS-R speaker 7994, utterance 7994_258960_000035_000005, CC BY 4.0	25efd2f069acd0562388e17743ae0a2f220ade4d9d8bbf9efb73f1f88dc3c593	253484
lt7995	Rylie	female	en	high	slow		LibriTTS-R speaker 7995, utterance 7995_280250_000029_000004, CC BY 4.0	df3754438e153891b9a67513a5f8d8915745c6e1632f1a80b809ba2108151aca	297644
lt8057	Wendy	female	en	mid	even		LibriTTS-R speaker 8057, utterance 8057_284428_000053_000001, CC BY 4.0	3c8dba057216252b7eaa108b633f06179ec5c00633aab2ebc84d8ec799a401c8	259244
lt8075	Henrietta	female	en	low	even		LibriTTS-R speaker 8075, utterance 8075_279229_000023_000001, CC BY 4.0	2172942b280773c98d3bcc7a8ac96c1dce587bc17c82eba62e68f225610c9a52	322604
lt8080	Carissa	female	en	high	slow		LibriTTS-R speaker 8080, utterance 8080_3961_000050_000000, CC BY 4.0	e3631c48a4641d1f1d6ef07244d97a4c26300678c7ff6afb86bce91a3480a873	280364
lt8097	Velma	female	en	low	slow		LibriTTS-R speaker 8097, utterance 8097_108005_000013_000007, CC BY 4.0	2e1c597770faeeda136ff94791e1068963ceecbc9d89523473fb417838dd9ded	270764
lt8113	Natalia	female	en	mid	slow		LibriTTS-R speaker 8113, utterance 8113_301693_000033_000000, CC BY 4.0	eb05c5012d4f53c22db9ecfe5f01249d3d2be93813264e7bdb7d25d328539f47	289964
lt8118	Marilynn	female	en	low	brisk		LibriTTS-R speaker 8118, utterance 8118_268287_000005_000004, CC BY 4.0	b2f7d2abab6f46aed4083eba07105e38480501a46a8a0650bdb27fcc4c70ddbc	259244
lt8163	Margarette	female	en	low	even		LibriTTS-R speaker 8163, utterance 8163_116797_000081_000000, CC BY 4.0	e3613dbd616c388c6517f33a491bf523767b7f855856096d5fd69db24e8d794d	265004
lt8183	Annika	female	en	low	even		LibriTTS-R speaker 8183, utterance 8183_282977_000025_000000, CC BY 4.0	32832b07606f6f42db209ce2f8c84d9a78a46b6c295ac93b0f2e9cbdee87a3ff	297644
lt8190	Brielle	female	en	mid	brisk		LibriTTS-R speaker 8190, utterance 8190_284433_000075_000002, CC BY 4.0	d464a3352c3a9c0096d063d7cfcdc13b498732a4fa0418047955d3ecf248e4d6	263084
lt8193	Sharlene	female	en	mid	slow		LibriTTS-R speaker 8193, utterance 8193_116805_000004_000001, CC BY 4.0	f4fb2c6a93966f1fe1ec156487fad63ab1e76c746ed87ce4215d68c1792e96fd	328364
lt8194	Celeste	female	en	mid	slow		LibriTTS-R speaker 8194, utterance 8194_89390_000025_000030, CC BY 4.0	0e84711c1e9d360788e4e5480d4042c824b8976ba7ffdb5eaa5b448f1a19a1bd	309164
lt8228	Antoinette	female	en	high	even		LibriTTS-R speaker 8228, utterance 8228_232690_000138_000001, CC BY 4.0	42c2d497404c957e6c2743b5d8222e0da908719f6a36ce13c2ba4f51351a6e46	330284
lt829	Stefanie	female	en	high	slow		LibriTTS-R speaker 829, utterance 829_123191_000038_000001, CC BY 4.0	42cc24cda41062360f8483b2c333e05730b735c4b7ed0aaa40ad44f796dbf035	284204
lt8300	Martina	female	en	mid	slow		LibriTTS-R speaker 8300, utterance 8300_275128_000007_000001, CC BY 4.0	07b15d99de4be6a9ce576a0202322b786fcf78a0e94140be97090daae1501422	282284
lt8329	Kathryn	female	en	high	even		LibriTTS-R speaker 8329, utterance 8329_279775_000028_000001, CC BY 4.0	7e372c3a1008c52e49923037189e420cdf3aa19d0a12c45800a8997ffbe2c755	303404
lt8388	Silvia	female	en	low	brisk		LibriTTS-R speaker 8388, utterance 8388_278289_000051_000002, CC BY 4.0	4afe0da75c7528f1704e9bc9ae331ba1d77267438ab7e7de6bd40a377536ceba	249644
lt8404	Zona	female	en	low	even		LibriTTS-R speaker 8404, utterance 8404_282926_000064_000001, CC BY 4.0	f5828f4117394e14d45508df00477d2958e18429d0db2e2ef24e6dc5c493e860	265004
lt8410	Ethel	female	en	mid	brisk		LibriTTS-R speaker 8410, utterance 8410_278217_000039_000005, CC BY 4.0	fc7549bda7af5cb88bf164407ad7ef15e3f5ec2addb633358c379726f0415445	268844
lt8421	Luann	female	en	high	slow		LibriTTS-R speaker 8421, utterance 8421_283462_000061_000001, CC BY 4.0	7e26bc3cc035a6673029ff358cfec9051c9037c5cf6eebc73f15379df877d346	251564
lt8506	Naomi	female	en	low	brisk		LibriTTS-R speaker 8506, utterance 8506_287659_000030_000002, CC BY 4.0	f07ac0b0319781d3a9b0df30205eea25af1424eef3f0fcb35ea21f0c773313d8	259244
lt8545	Ernestine	female	en	low	slow		LibriTTS-R speaker 8545, utterance 8545_287671_000017_000000, CC BY 4.0	97d9e1ee541d0e92131725819bb7db75b105a89cde08cf527d8f49ff7c5ed148	257324
lt8573	Margaret	female	en	high	brisk		LibriTTS-R speaker 8573, utterance 8573_286306_000045_000001, CC BY 4.0	9a37cf71ff62980991ab55ac10edb1bd8ce0a2e0b22bded0d145f5606f178c02	289964
lt8591	Tianna	female	en	mid	brisk		LibriTTS-R speaker 8591, utterance 8591_284444_000009_000001, CC BY 4.0	569b25db79eee9b64e0c885c5a5653a53ae4270c47974e3b22f573a195068cbc	266924
lt8605	Tina	female	en	low	even		LibriTTS-R speaker 8605, utterance 8605_292138_000014_000001, CC BY 4.0	6e8e9c5a6f70b3f8d079e3aebbc1d0da45dd178261c23c682b3fd2adae7de49c	330284
lt8677	Patricia	female	en	mid	even		LibriTTS-R speaker 8677, utterance 8677_296078_000008_000002, CC BY 4.0	dc4e41357cac630e9eddbe492239971a2a613b33bf5978111b63957cb2b730a6	299564
lt8684	Tatyana	female	en	mid	brisk		LibriTTS-R speaker 8684, utterance 8684_293663_000093_000001, CC BY 4.0	dad1c4ee1844790372cd810fa68656654b15d4437e35f3baa069dfd66469df76	320684
lt8718	Leanne	female	en	high	even		LibriTTS-R speaker 8718, utterance 8718_295445_000011_000000, CC BY 4.0	f347e53bbb61ac5e2c01cd2bc3c7b3d9bc59928d58cac8e8e4415d3ae2443bcb	334124
lt8722	Robin	female	en	low	slow		LibriTTS-R speaker 8722, utterance 8722_296473_000020_000000, CC BY 4.0	a508de16a9461ace5dc44a8f3ef9a551fd5b4cc08a71337bdf071e02091d1bef	288044
lt8771	Dora	female	en	high	brisk		LibriTTS-R speaker 8771, utterance 8771_294523_000022_000001, CC BY 4.0	bd2a8272bf44697d48704ac6a0a81c89a32efb7c8f6953235a59277ef8506d06	259244
lt8776	Kaley	female	en	high	brisk		LibriTTS-R speaker 8776, utterance 8776_270778_000028_000001, CC BY 4.0	4356b26c54be957322cd2c29ccbddca76dafa39e49743ce58e4c90036c3fa7c9	322604
lt882	Winifred	female	en	high	brisk		LibriTTS-R speaker 882, utterance 882_123267_000021_000008, CC BY 4.0	e2fb007fef96df91064a8a3d95181e760e8d88d6b7527dfc51b8e112fa742c3d	286124
lt8825	Ilene	female	en	high	brisk		LibriTTS-R speaker 8825, utterance 8825_292252_000031_000001, CC BY 4.0	bf6026e689cb07334716b8f273b5dbb7608fff3407681fa64055f99f38bd6d2a	265004
lt9022	Joni	female	en	low	even		LibriTTS-R speaker 9022, utterance 9022_282383_000022_000003, CC BY 4.0	eab0e6eeb44abce9d27aa486a94145cc5b7d2919af266952f654a7293fff4f54	278444
lt9023	Kaye	female	en	mid	brisk		LibriTTS-R speaker 9023, utterance 9023_296468_000043_000001, CC BY 4.0	470ceb669b0609935d6cd7a866845ae566fb9b4de19302b8d8ce3514ef9e6093	280364
lt9026	Kerrie	female	en	high	even		LibriTTS-R speaker 9026, utterance 9026_282385_000020_000000, CC BY 4.0	d957f816d68aad8dfdd215450ecdb46612b9b6e46dc72da23d011d33b6e89b1e	259244
lt920	Libby	female	en	mid	brisk		LibriTTS-R speaker 920, utterance 920_681_000035_000010, CC BY 4.0	7ff3a590a29919ef9df10d7b02adf01b4210b8af97b136533d8722186ffbc58a	243884
lt925	Cherie	female	en	low	slow		LibriTTS-R speaker 925, utterance 925_8157_000008_000012, CC BY 4.0	d8fafdf187895e260d6bd5c560be2ac8f0d62a4bfec8002ff4f380b16e0b86fe	266924
lt93	Tanisha	female	en	high	brisk		LibriTTS-R speaker 93, utterance 93_123172_000019_000001, CC BY 4.0	2603a0b73a9ccba9b0e92688b4dc8cdefc374c70a5d40e31c6dff67486e291b9	257324
lt948	Valerie	female	en	low	slow		LibriTTS-R speaker 948, utterance 948_132710_000003_000001, CC BY 4.0	d30a007fd6bb6395e542f2fe3da3a10d24b764ef3241c75f524d137310bd1f4d	257324
lt968	Eileen	female	en	mid	slow		LibriTTS-R speaker 968, utterance 968_122545_000024_000000, CC BY 4.0	044671fe605bfcbd8b95632d684bf0ca0fbcc7dc8605bcc8d6170a17e408f6f6	330284
lt979	Jewell	female	en	mid	slow		LibriTTS-R speaker 979, utterance 979_128670_000026_000001, CC BY 4.0	2e3de523ab65686ab44d5ba048cedd6498cbf988cef52c5a42cc10e00171d0ac	336044
lt98	Amanda	female	en	high	slow		LibriTTS-R speaker 98, utterance 98_199_000026_000000, CC BY 4.0	5bb6150945023678e57842e629d23455351c24d4c59adfcba0a37f4322d127b8	259244
marlow	Marlow	female	en	high	slow	ShipAi	LibriTTS-R speaker 4356, utterance 4356_6498_000003_000005, CC BY 4.0	a1931e0bc8333f760143e7e7157aeb15f7d4937588a52c42707994c31b464564	247724
odette	Odette	female	en	high	even		LibriTTS-R speaker 100, utterance 100_121669_000009_000000, CC BY 4.0	079f4bf5fd9dbd54015b5a47d49a6af319fbece7063583e618555ef7e3aa87aa	263084
tamsin	Tamsin	female	en	low	brisk	CarrierCaptain	LibriTTS-R speaker 8699, utterance 8699_291107_000003_000001, CC BY 4.0	f6e32522c01cb34c8d71c2fbd85ab1ae3687481cab713b8da56349b81da90237	326444
verity	Verity	female	en	high	brisk		LibriTTS-R speaker 1463, utterance 1463_134463_000003_000004, CC BY 4.0	62b6347396250b86997bd10864fcee81e80ebc49608a23d316dafdbc3c77bd99	289964
alder	Alder	male	en	high	brisk	Narrator	LibriTTS-R speaker 2299, utterance 2299_6524_000003_000003, CC BY 4.0	0777453882d7452dd50155f07da777d2db520faf7a088748f6fbd303ed277b06	291884
benedict	Benedict	male	en	high	even	TowerControl	LibriTTS-R speaker 8066, utterance 8066_114256_000005_000003, CC BY 4.0	1ec33c6dca577baab60cf6f6c684e032c02d2a403bda57a63045ab6abc76a6ab	316844
corwin	Corwin	male	en	mid	even	ShipAi	LibriTTS-R speaker 176, utterance 176_122025_000004_000000, CC BY 4.0	e872d2f106e8b9a9cc8ad245440d36312b8f0083ad8ca5f6b95581004bb502e9	263084
emrys	Emrys	male	en	low	brisk		LibriTTS-R speaker 8498, utterance 8498_287357_000015_000001, CC BY 4.0	66d7c5386ee64a95c21ee06953b138e36f41e957c107eb9c7bc56f8c2c761b4b	280364
lt101	Dempsey	male	en	high	slow		LibriTTS-R speaker 101, utterance 101_126860_000009_000000, CC BY 4.0	75e2c68a6ed03e9b97a0465c19faa2e4886bb27f802b292c73b4524dc286b013	278444
lt1018	Alford	male	en	mid	even		LibriTTS-R speaker 1018, utterance 1018_133447_000059_000001, CC BY 4.0	0bedef514de06e10ce479a51ab7a84bbee14b40f09801eca29865a9e311a5b5e	276524
lt1025	Rickie	male	en	low	even		LibriTTS-R speaker 1025, utterance 1025_92814_000022_000000, CC BY 4.0	1b8e5e2228dad9eaf495d81c32906b163fb7b35fdbd38c9f62ae55afa220fb11	266924
lt1027	Conner	male	en	mid	slow		LibriTTS-R speaker 1027, utterance 1027_125147_000119_000000, CC BY 4.0	bc824e6761819a11f8bbc77d471d96bb01b9b95b8d675e5f910b9a22fc7e8f3f	320684
lt1028	Lenard	male	en	low	even		LibriTTS-R speaker 1028, utterance 1028_133395_000049_000000, CC BY 4.0	3d81500aeaa71591794db719b87cb853b36f4168ed06099fe385ee6dd1eb6547	257324
lt1046	Dawson	male	en	low	slow		LibriTTS-R speaker 1046, utterance 1046_133224_000013_000005, CC BY 4.0	3d8848f4815edb8ee9bfce8ac14192bf398bb98c43b69199cad179f1002853fe	263084
lt1112	Ryder	male	en	mid	slow		LibriTTS-R speaker 1112, utterance 1112_1043_000044_000004, CC BY 4.0	02005c3695d2250bc82558e8c83072f2ae4521b4c6c50a4d15617325a976e959	305324
lt1121	Mahlon	male	en	high	slow		LibriTTS-R speaker 1121, utterance 1121_135824_000016_000003, CC BY 4.0	83d80e2a3eca76a86d7313ba7b5154ee34f334956ec878241a7cb78e688ff4b5	261164
lt1160	Rowan	male	en	low	slow		LibriTTS-R speaker 1160, utterance 1160_139717_000009_000002, CC BY 4.0	bbb2b8cb9140f78938fd662cd09240f8b776c46a7548c10e8ca0fc06823d1347	286124
lt1165	Neil	male	en	mid	brisk		LibriTTS-R speaker 1165, utterance 1165_135216_000015_000002, CC BY 4.0	735cbb4eb0cc5659c2c4e420abc6e6b6281262170841d88d2ce7502dbdcf1ea5	276524
lt119	Horace	male	en	mid	even		LibriTTS-R speaker 119, utterance 119_129514_000018_000000, CC BY 4.0	ab5303a0716551a02b683bc723572e7eab43a00c7b210ffa68025adaee37e18e	309164
lt122	Chris	male	en	mid	slow		LibriTTS-R speaker 122, utterance 122_121729_000045_000000, CC BY 4.0	02fb2cfd659447a6374398a6343376509b6f89a6005ab425daf40f21dc66323a	305324
lt1222	Waymon	male	en	low	brisk		LibriTTS-R speaker 1222, utterance 1222_133834_000053_000000, CC BY 4.0	a676b8c7f02520341fd793ed56f955aceb8fb9c771469c6fe9262119dbdebfcf	266924
lt1226	Porter	male	en	mid	even		LibriTTS-R speaker 1226, utterance 1226_141268_000009_000004, CC BY 4.0	330e826334f616072ca1e8e6eb7f04471fec681ed3a056fd142e8e441a965b3e	332204
lt1264	Sylvan	male	en	high	brisk		LibriTTS-R speaker 1264, utterance 1264_129805_000037_000001, CC BY 4.0	6fc34c36a5abac78c79b6e99180809ec7121846a67b9aae0a79ce4874b3e3ab9	257324
lt1265	Pierre	male	en	mid	brisk		LibriTTS-R speaker 1265, utterance 1265_135636_000089_000000, CC BY 4.0	406ab3b9b705bd8a3e807f54e962f95a7b27f0df65ede439313c0df7c48796d9	282284
lt1271	Jaron	male	en	mid	slow		LibriTTS-R speaker 1271, utterance 1271_128145_000004_000000, CC BY 4.0	c9c21b24623e64ec66f362995af4cbc7b4ecca29b72e316f8ea4c337b7477c96	263084
lt1283	Ron	male	en	mid	brisk		LibriTTS-R speaker 1283, utterance 1283_136983_000005_000000, CC BY 4.0	d5558081c43eb2f51c3846e770bc22ebc1538e27fde5c28803e00c66933a458d	247724
lt1311	Chaim	male	en	low	slow		LibriTTS-R speaker 1311, utterance 1311_134170_000017_000002, CC BY 4.0	a5d3f57df2d7eac567f10d180ba5c9342c948fd71386f9f5507a8d0a95e25638	261164
lt1313	Leo	male	en	mid	brisk		LibriTTS-R speaker 1313, utterance 1313_135022_000025_000000, CC BY 4.0	33f9e0c099323820386fecfea6bd403751cc3291e7292fbbe17bb9f5aeb5639d	259244
lt1316	Roy	male	en	low	even		LibriTTS-R speaker 1316, utterance 1316_132800_000011_000011, CC BY 4.0	7d630c7333faa74ff6652f06fa895aadfa4243f0b731c31e0ac01bc061309235	245804
lt1322	Baxter	male	en	low	brisk		LibriTTS-R speaker 1322, utterance 1322_137588_000010_000009, CC BY 4.0	768fb5f9674b2d7ea02995cb3beaec22dab77fe573da32e8a6f1b4702d9a14b0	301484
lt1323	Marcus	male	en	high	slow		LibriTTS-R speaker 1323, utterance 1323_149236_000007_000003, CC BY 4.0	d25a6cba0ef99ce0b6e3faccac797acde7a17b5b860fe3fbafb46fe34837488a	272684
lt1336	Orville	male	en	low	slow		LibriTTS-R speaker 1336, utterance 1336_138113_000030_000004, CC BY 4.0	d439a5550dc5e1a38665396a068053435668a77f1b6bf4c8bf8b4d76e806e460	243884
lt1337	Mckinley	male	en	high	even		LibriTTS-R speaker 1337, utterance 1337_10674_000033_000000, CC BY 4.0	988ac65fedde6289260b6766d4a3a7b866449045e059d9250a6c8f79cdee5060	265004
lt1349	Bradly	male	en	low	even		LibriTTS-R speaker 1349, utterance 1349_135891_000023_000004, CC BY 4.0	a7052586e5d3b82e0d8d83f4646f2eb6891e1ac94369afbc46cc1e93ddbd261f	286124
lt1365	Arden	male	en	low	even		LibriTTS-R speaker 1365, utterance 1365_134830_000034_000000, CC BY 4.0	69d9d5548e748814ceab5ea38931452938e03493c267a6b8fa8a3a59ff79608d	266924
lt1387	Hayward	male	en	mid	even		LibriTTS-R speaker 1387, utterance 1387_130989_000010_000005, CC BY 4.0	d9bd95d8e9fd670a3b1635485a6681911096bcaef38b461616e6fea37addced1	307244
lt1392	Godfrey	male	en	high	slow		LibriTTS-R speaker 1392, utterance 1392_140654_000003_000002, CC BY 4.0	cdbc59110d67a170c43cff975dc8017493e01325625547bbf2efc0931631f990	276524
lt1413	Gerhard	male	en	mid	brisk		LibriTTS-R speaker 1413, utterance 1413_121799_000035_000003, CC BY 4.0	9b6cf24db16a288110bd3ee40645c28c62e4ed08081f9978992c800bd163490a	318764
lt1445	Buster	male	en	low	slow		LibriTTS-R speaker 1445, utterance 1445_139404_000005_000000, CC BY 4.0	b5d24e5ffe38c4460aee2ec3023df44f8665842c2fe93d0ddaf8606c544f30a0	240044
lt1446	Kaleb	male	en	mid	brisk		LibriTTS-R speaker 1446, utterance 1446_122614_000051_000005, CC BY 4.0	1f5f1c221d71930fc53f16752a22ca7978fc4eed4090d41971eb2435cf90a6e0	251564
lt1473	Donn	male	en	mid	brisk		LibriTTS-R speaker 1473, utterance 1473_135657_000027_000002, CC BY 4.0	069f24e2e79265a5abc992714fafc0b2cb92f3c1da4d8e6b5404d4b3e9fc27b3	263084
lt1487	Rashad	male	en	high	brisk		LibriTTS-R speaker 1487, utterance 1487_133273_000040_000001, CC BY 4.0	2f212c01540ec0427af132853a583d7bcd1d7cd58acedb495e5c897e7a827b34	265004
lt1513	Theodore	male	en	high	slow		LibriTTS-R speaker 1513, utterance 1513_140222_000161_000000, CC BY 4.0	be5b33b253f6ca44d4074aa219f4303101381ab8b00099132deb47b8383d1045	249644
lt1535	Raul	male	en	low	slow		LibriTTS-R speaker 1535, utterance 1535_141642_000013_000001, CC BY 4.0	72c1940b87403083272f88cb9a63ed0ee152905f21891f234031cb3056b75898	284204
lt154	Toney	male	en	high	slow		LibriTTS-R speaker 154, utterance 154_123998_000011_000004, CC BY 4.0	bbf90ad5a46102fa478a8169c29eedfbd78dc0ded424ec1fa60f8044015a00a1	307244
lt1556	Kolby	male	en	high	slow		LibriTTS-R speaker 1556, utterance 1556_143307_000005_000004, CC BY 4.0	1d7dcac9120f5ad99a0b1e3327a80302bb13b2421ddf8544c4be01bfe13532f7	297644
lt1571	Dillan	male	en	low	brisk		LibriTTS-R speaker 1571, utterance 1571_138486_000008_000012, CC BY 4.0	86fdf749e0baff13733ad65be8052e920e5866692979a44c2b0d7fdc26b1070b	316844
lt159	Stephen	male	en	high	slow		LibriTTS-R speaker 159, utterance 159_135897_000014_000003, CC BY 4.0	f9e36a451996a0dcc2b6c27f42976faf37035608a022003ef31137d63f810851	241964
lt1603	Jon	male	en	mid	brisk		LibriTTS-R speaker 1603, utterance 1603_139325_000009_000001, CC BY 4.0	099359d94edd087adbd706af762b6cb22c805015b57b4948b03386bc7ad6fcd3	263084
lt1607	Wilfred	male	en	mid	brisk		LibriTTS-R speaker 1607, utterance 1607_134636_000004_000000, CC BY 4.0	89887312de40b96872d49bc57ffe35a9fcba9451bba54b9e106f780af61d6e6e	320684
lt1638	Loy	male	en	low	slow		LibriTTS-R speaker 1638, utterance 1638_84447_000149_000001, CC BY 4.0	6b1e8b9b59876f13619ea6e5a8b810ea6685949527fc128b02825b1d82b92c72	272684
lt1639	Josiah	male	en	mid	even		LibriTTS-R speaker 1639, utterance 1639_132848_000017_000000, CC BY 4.0	4c890f567b77ca6be465d81d3c47a0d6a5b0f0eebb4a1b993399518a8e77d6fb	334124
lt17	Emmet	male	en	high	slow		LibriTTS-R speaker 17, utterance 17_363_000005_000000, CC BY 4.0	9f0cace93236a6944230faba3e1dbe5d8516e7a581c272d3bf0c742ee67637a7	247724
lt1748	Darin	male	en	low	brisk		LibriTTS-R speaker 1748, utterance 1748_1562_000033_000001, CC BY 4.0	bc3b89784e0ba6e495ad25ecb8734b9f996f9c25780286f47d5ce156bea8b298	313004
lt1769	Maxwell	male	en	mid	even		LibriTTS-R speaker 1769, utterance 1769_143485_000009_000001, CC BY 4.0	b42e4ee92ac84978130be59de1dc979330dbdb33325cdcf71cba8878e9647410	274604
lt1776	Wade	male	en	mid	brisk		LibriTTS-R speaker 1776, utterance 1776_139035_000032_000001, CC BY 4.0	03760d615ca158208a47edf7d39675601506a42c0e74f9d6692725f72276e4c7	307244
lt1777	Alejandro	male	en	mid	brisk		LibriTTS-R speaker 1777, utterance 1777_142750_000015_000003, CC BY 4.0	a58cf2d5cf2100a819febb4275b4e94415cb3a1897a2852f0191e6cb73177ca3	307244
lt1789	Woodrow	male	en	high	slow		LibriTTS-R speaker 1789, utterance 1789_142896_000009_000000, CC BY 4.0	6870c6bc8776195ce9f82730516d07a4f4f3e8398c1fae84d404ecd9ca5ab699	243884
lt1801	Julian	male	en	low	brisk		LibriTTS-R speaker 1801, utterance 1801_138032_000027_000000, CC BY 4.0	92bada0734cd3fe34d546af051505e8a9baa79d8f15c13aa2903dff1a2a43ee9	316844
lt1806	Perley	male	en	high	slow		LibriTTS-R speaker 1806, utterance 1806_143948_000013_000000, CC BY 4.0	8242c7cde089d3dd7818374f5cc450a7ffa9a23daddc2bac8dfb74a6070bfb80	332204
lt1826	Nathan	male	en	mid	slow		LibriTTS-R speaker 1826, utterance 1826_139361_000069_000000, CC BY 4.0	5abe74d79b17e64a72377f93a52c64e5c2b2a84d367c3a7283c3576357fe5db5	301484
lt1827	Otto	male	en	low	slow		LibriTTS-R speaker 1827, utterance 1827_143625_000021_000001, CC BY 4.0	9612395f16af6d0185603bc6b6988949a9fdc740f45e8406b9e2c21e84b9f5e1	316844
lt1849	Rico	male	en	high	even		LibriTTS-R speaker 1849, utterance 1849_138063_000018_000002, CC BY 4.0	637b55bf6473dcee7993bd697a5743bb86182e1ff69077b5d0a9e5813d799b7f	259244
lt1874	Braden	male	en	mid	brisk		LibriTTS-R speaker 1874, utterance 1874_165701_000013_000000, CC BY 4.0	e8a8874e80ababddac7c14c40e095e20748f5efe8b2a146d7e955121bacbb2ae	253484
lt1903	Abner	male	en	high	slow		LibriTTS-R speaker 1903, utterance 1903_132499_000092_000002, CC BY 4.0	c2864dbce8f2fa4ce1a842abc0eb6b19f60a669b52e0fbf800282969593e9b49	270764
lt1913	Calvin	male	en	mid	brisk		LibriTTS-R speaker 1913, utterance 1913_147990_000006_000008, CC BY 4.0	046da8814fcc1a68181a0962e0ae4892cd3d7865180d22fad9f08a0119f903e1	247724
lt1914	Casper	male	en	mid	even		LibriTTS-R speaker 1914, utterance 1914_133440_000003_000010, CC BY 4.0	756b010cbc22b99af9a7081c1a46c31895dca68890c592cae6eeedc00f25c4f2	316844
lt1943	Harlan	male	en	high	slow		LibriTTS-R speaker 1943, utterance 1943_138033_000015_000004, CC BY 4.0	6f66a582443d37d0f7bc953c49b2a5ac4dc6f0b339fb7312e1fa60e1759ec0b2	266924
lt1958	Devonte	male	en	high	even		LibriTTS-R speaker 1958, utterance 1958_144503_000125_000000, CC BY 4.0	a4c700feb8734b2b35787f70b6640ce2095722f1217c89e020b52a99012c5084	249644
lt1987	Mohammad	male	en	low	even		LibriTTS-R speaker 1987, utterance 1987_144135_000030_000000, CC BY 4.0	889ec15e7dc4585a103a2286a2dad269295b07b1948d5ac83beb49ba8036c9d1	318764
lt2012	Smith	male	en	low	brisk		LibriTTS-R speaker 2012, utterance 2012_139356_000019_000000, CC BY 4.0	fd4544ff94d5e21dce15feab7cc70811b6bb763c8d2f0a9d6cfe7ca74ab28d91	255404
lt204	Denny	male	en	high	even		LibriTTS-R speaker 204, utterance 204_287139_000025_000004, CC BY 4.0	2140976194d175a86ad167580695e1b4a476a1d075431444a8396973eb984317	251564
lt2045	Hilton	male	en	high	brisk		LibriTTS-R speaker 2045, utterance 2045_158081_000021_000000, CC BY 4.0	fbd709e5b774e8c930ac29c6814699ef38b8994b52705aaf20e7b8c0005cb34c	297644
lt207	Domenic	male	en	low	brisk		LibriTTS-R speaker 207, utterance 207_143321_000049_000001, CC BY 4.0	e9a1cd804030a73c6666f5c3524de3db0b4df45fb0f484b08bf59053c2a460ff	241964
lt2074	Denzel	male	en	high	slow		LibriTTS-R speaker 2074, utterance 2074_147193_000018_000003, CC BY 4.0	164eeddfad99e7a797194f37774dfee2bcbbf5879a807328556762bbb17d0a6f	324524
lt2093	Ervin	male	en	high	slow		LibriTTS-R speaker 2093, utterance 2093_143262_000060_000000, CC BY 4.0	920bec6b9dfd91181d3e7f7b767c29b8509d1a58c9ac7a31b9b434d6ba93f4d6	259244
lt2110	Hugo	male	en	high	slow		LibriTTS-R speaker 2110, utterance 2110_161102_000007_000000, CC BY 4.0	ef05edcd072117c9af367ee345ec5881ca701172c0b9d60d3648c5e40ab1c1af	289964
lt2113	Lukas	male	en	mid	brisk		LibriTTS-R speaker 2113, utterance 2113_132485_000103_000005, CC BY 4.0	14f3c3b7d1862ff2875b1ba57d0bcf2085c74e7991eec12f3fe5c36fda10eea3	240044
lt2127	James	male	en	mid	even		LibriTTS-R speaker 2127, utterance 2127_138047_000009_000000, CC BY 4.0	ee2f74c9e2a8bdf4d9be5ddd75826f16eadf221843ddfef7ccb1def1827f918e	328364
lt2137	Odie	male	en	mid	brisk		LibriTTS-R speaker 2137, utterance 2137_155944_000008_000005, CC BY 4.0	20a07020d5919634add071cb096f77b24c61dbee852d55ba34268b00c190bc6a	284204
lt2146	Clayton	male	en	low	even		LibriTTS-R speaker 2146, utterance 2146_136610_000010_000001, CC BY 4.0	fcdde59d088033333fac99dd1bd650a1b8b8f8918fd8c677e6a13a730e57f8c4	301484
lt2149	Stuart	male	en	high	brisk		LibriTTS-R speaker 2149, utterance 2149_8912_000003_000005, CC BY 4.0	177805be6491de65387536d64dffa0e4199e02e02231ea1814cd3da8840a1512	270764
lt2156	Gavin	male	en	mid	slow		LibriTTS-R speaker 2156, utterance 2156_17942_000018_000003, CC BY 4.0	4441b3c3ce19c583559320bee1e91329e2a9ff109c8d3c4f1521aafbc83212e0	240044
lt216	Greyson	male	en	mid	even		LibriTTS-R speaker 216, utterance 216_122451_000089_000000, CC BY 4.0	2788984bb513c20a1638196e0ca1bf0a92ea0fea7c3b5366c5a38329750d63de	247724
lt2162	Daniel	male	en	low	brisk		LibriTTS-R speaker 2162, utterance 2162_185436_000006_000002, CC BY 4.0	5fd80d440a0e9e0a6da190aa231c5b20d86c44c5e00116d24cf062a0ef413704	332204
lt2167	Omer	male	en	high	slow		LibriTTS-R speaker 2167, utterance 2167_149880_000063_000002, CC BY 4.0	dc26692b9cb5cce97f7584f8810d914b83fdc4a635c87e8c11df2aec9866ce2c	316844
lt2201	Edward	male	en	mid	brisk		LibriTTS-R speaker 2201, utterance 2201_160438_000007_000001, CC BY 4.0	580ca312edff9d7e4f06454ec032969d1d47d5082772e392d046bdd78cc348b4	261164
lt2229	Cliff	male	en	low	even		LibriTTS-R speaker 2229, utterance 2229_152864_000042_000002, CC BY 4.0	caa288f39b0fbccbdbe1371d77285084d3fcb4cb5b0250586cda204456fdbe3c	266924
lt2238	Drake	male	en	high	even		LibriTTS-R speaker 2238, utterance 2238_121413_000033_000000, CC BY 4.0	539626c250e078e330c96bbc763f66fd88003c59569759dc7fa96122a246458b	263084
lt2240	Sim	male	en	high	slow		LibriTTS-R speaker 2240, utterance 2240_148522_000014_000001, CC BY 4.0	0293f43f14961bd6cc3236a89e22cd87dfc9b4061dc113011f35efb396afdf44	280364
lt2272	Dickie	male	en	mid	brisk		LibriTTS-R speaker 2272, utterance 2272_152282_000044_000000, CC BY 4.0	b6127f07d60adc26512d71109ee9257170dfe2a5a07818fe68493573a9bc6932	286124
lt2285	Alvaro	male	en	mid	slow		LibriTTS-R speaker 2285, utterance 2285_149890_000014_000000, CC BY 4.0	d59f87fe27138df248dae1b8dc1e8e48bfd6499e68ccae70563d4c1f32b65fce	253484
lt2294	Deven	male	en	mid	brisk		LibriTTS-R speaker 2294, utterance 2294_161714_000003_000000, CC BY 4.0	403c82a5f3974bbab547e2f86043c3cb135aae0968ae4ab4e1a996fb78b83ea3	311084
lt231	Bob	male	en	high	slow		LibriTTS-R speaker 231, utterance 231_119253_000004_000006, CC BY 4.0	041f7c6eb32d61a350ed3162eafbd80938b1dc0a6200fd6201c3c617916a594c	330284
lt2319	Braydon	male	en	low	slow		LibriTTS-R speaker 2319, utterance 2319_138631_000012_000003, CC BY 4.0	e60c20e5ee4ac932674d2e31e4b7b781cb9158cee9457552520d1de735dd66ff	245804
lt2368	Aurelio	male	en	mid	brisk		LibriTTS-R speaker 2368, utterance 2368_157066_000021_000003, CC BY 4.0	dce82de7b4fd4fb5d351975e1006671ad45eb6793ef89c71ebc00c9bd38998c1	255404
lt2388	Loyd	male	en	low	brisk		LibriTTS-R speaker 2388, utterance 2388_153728_000012_000002, CC BY 4.0	e997caa9b01c91977b747cb0a29e32e3ec4e18e4d1cffec0ef443735aa11225f	276524
lt2393	Ernest	male	en	high	even		LibriTTS-R speaker 2393, utterance 2393_144496_000037_000011, CC BY 4.0	e28a72cbb6311e81fa7c3e6b4bfc900d765b97aba2d7a0b88433a9e1faaa4b87	255404
lt2397	Chaz	male	en	mid	slow		LibriTTS-R speaker 2397, utterance 2397_162238_000027_000013, CC BY 4.0	eb7a7a57ed27961475ae3d3486f6451b6d2482d4bb8aa455e477ff4fa075d515	322604
lt240	Jakob	male	en	mid	slow		LibriTTS-R speaker 240, utterance 240_160593_000054_000000, CC BY 4.0	b990e86e3643001fa4b3965e5737edde80b7201e6291d1da5abcb6b77041af37	253484
lt2427	Liam	male	en	low	even		LibriTTS-R speaker 2427, utterance 2427_154673_000003_000001, CC BY 4.0	5e719a034638badc94bd6e1120380c6072e28a4eb8895bc301285ef2b653f649	259244
lt2473	Benjiman	male	en	low	brisk		LibriTTS-R speaker 2473, utterance 2473_157861_000011_000000, CC BY 4.0	5b7bc23f2ac87126edd0070a3fdca18756c5feac59ca968a00f3e5ebb6de850a	289964
lt249	Baby	male	en	low	brisk		LibriTTS-R speaker 249, utterance 249_121331_000047_000001, CC BY 4.0	b99635fabeb38967b71b881ac05b55e3ed0e25e823357115c0c50dbd40d6c8ea	274604
lt2494	Zane	male	en	mid	slow		LibriTTS-R speaker 2494, utterance 2494_156019_000004_000001, CC BY 4.0	87db86cc9e9fe7baded881d3309f0d86d50b537fee2c6145e0a0b6534355f479	295724
lt2517	Thornton	male	en	high	even		LibriTTS-R speaker 2517, utterance 2517_135227_000010_000003, CC BY 4.0	c7b5a35f64e5156568d93878317479ff5f4d6571313ff29f493cea2e236a0db4	247724
lt2562	Brant	male	en	low	even		LibriTTS-R speaker 2562, utterance 2562_157263_000039_000001, CC BY 4.0	63a38debf76982958867f8d02fbac27c348c575d4e35a856f425e600693a800f	293804
lt258	Mitchel	male	en	low	even		LibriTTS-R speaker 258, utterance 258_130878_000064_000003, CC BY 4.0	96e0c1e8dbd7852795a3c8b427d777a562ef31ae904fe67d22121e10942c2298	247724
lt2589	Claude	male	en	low	even		LibriTTS-R speaker 2589, utterance 2589_177234_000014_000009, CC BY 4.0	c88d5fd8149cfd854eb59481056afcc9f545227620d73ea1e3606881ee3265d5	278444
lt2618	Javier	male	en	high	brisk		LibriTTS-R speaker 2618, utterance 2618_138042_000036_000007, CC BY 4.0	f1a7fb72e3202c79021cace81fc18c73eca883354f8b4a83a96a1382fad53740	311084
lt2628	Devan	male	en	low	even		LibriTTS-R speaker 2628, utterance 2628_109663_000042_000001, CC BY 4.0	8fac7dd65dff90032472e856962d2e5515739d45ee2540cd78a8cf549cfe6508	322604
lt2654	Timmy	male	en	mid	slow		LibriTTS-R speaker 2654, utterance 2654_158744_000023_000008, CC BY 4.0	b25b23f36467282999e9e464be5c25aad000fa6b81d76bece6025b849ff4ea48	243884
lt2673	Winfield	male	en	mid	slow		LibriTTS-R speaker 2673, utterance 2673_156474_000021_000003, CC BY 4.0	bfd34b28cee4774a5ae0d5f071a6b07b2f17dc6986de3552da8b9e3f5cd7804d	301484
lt2688	Heath	male	en	mid	even		LibriTTS-R speaker 2688, utterance 2688_144987_000109_000003, CC BY 4.0	ebdc46833804b0ab13835f85290c5eb5dc70d284e4c61e5f0327e88678fe0075	245804
lt272	Eugene	male	en	high	even		LibriTTS-R speaker 272, utterance 272_130225_000014_000001, CC BY 4.0	e2c35c07f0340c2f110ea8a453500ccb669e5b583d1a810cb61e3e079efa0966	261164
lt2769	Kristofer	male	en	mid	brisk		LibriTTS-R speaker 2769, utterance 2769_176256_000036_000000, CC BY 4.0	8d3517980f768e125a11b5b65c79a410b2212f917b82c303a9afb237874f6411	291884
lt2774	Kobe	male	en	mid	brisk		LibriTTS-R speaker 2774, utterance 2774_131722_000044_000006, CC BY 4.0	7721930e7bf77ade941adc47ac97c1f1f961e538820c309bdaf4745c699aea2c	313004
lt2787	Clifton	male	en	high	even		LibriTTS-R speaker 2787, utterance 2787_157400_000052_000001, CC BY 4.0	ab6e9c8bc7251ccc74c7f4b30ecab70b344e024debd19996fcd321973d2b0660	295724
lt2812	Ezra	male	en	mid	slow		LibriTTS-R speaker 2812, utterance 2812_160187_000001_000022, CC BY 4.0	2e0ae9f9ceb9dbc4437245c5c1641396d53cc97bde024d49c343947d56a3348d	336044
lt2823	Emmit	male	en	high	slow		LibriTTS-R speaker 2823, utterance 2823_160964_000007_000005, CC BY 4.0	725ab80309626b8b23d8e5ba6f256be2998698585d565d71ecf021421d55d54f	295724
lt2827	Donnell	male	en	low	even		LibriTTS-R speaker 2827, utterance 2827_170438_000016_000002, CC BY 4.0	5d7bd2ae4ffa84c4596e585a438725e7ac130ec0b7f0e8a0d92c3979a3694314	305324
lt2929	Joel	male	en	low	brisk		LibriTTS-R speaker 2929, utterance 2929_86777_000048_000000, CC BY 4.0	deea704e23eab0aad307fa20a8dec86f8ab9f9a505ea4978d42bba626bf7b7de	270764
lt296	Anton	male	en	high	even		LibriTTS-R speaker 296, utterance 296_141721_000008_000002, CC BY 4.0	7d5dcedb67270b430a400f9c4b79389ed1701cda8a293aa5529f885162e020d6	241964
lt2960	Elwyn	male	en	mid	slow		LibriTTS-R speaker 2960, utterance 2960_155151_000007_000003, CC BY 4.0	139e6b10d05f6eead0b3bf1f1024657934130091c64c0eb62788e5b922dc1f59	314924
lt2971	Mack	male	en	mid	slow		LibriTTS-R speaker 2971, utterance 2971_4275_000050_000012, CC BY 4.0	f1ef72597d57617e1bbb3083e655a66341043745f44e570085937b69484a2593	247724
lt2992	Fletcher	male	en	low	brisk		LibriTTS-R speaker 2992, utterance 2992_164100_000019_000001, CC BY 4.0	684b03e1383f2dd77369d2ca401d542a11c78f8001208833fb3609c2a9cde182	289964
lt2999	Merrill	male	en	mid	slow		LibriTTS-R speaker 2999, utterance 2999_156967_000036_000005, CC BY 4.0	340715412e7bf593db3dc8c141863eac7270fea480c88862128a94eda09d823f	311084
lt3009	Cedric	male	en	high	slow		LibriTTS-R speaker 3009, utterance 3009_10327_000039_000002, CC BY 4.0	3370d91a7dbf97a23b6ecee55478c5686b16007458cdc4135b0d249843f8b54e	280364
lt303	Ned	male	en	low	brisk		LibriTTS-R speaker 303, utterance 303_123500_000017_000000, CC BY 4.0	c4388acff59fd78786bfc65ab95c15fc8b4c35234aec62c3e740ae431f618bad	307244
lt3032	Lucian	male	en	high	slow		LibriTTS-R speaker 3032, utterance 3032_19361_000081_000001, CC BY 4.0	4ed140636df9f3ab525050c0aa7a79fbf0d1a483af483d3d39f30b14d233f595	303404
lt3072	Benjamin	male	en	low	brisk		LibriTTS-R speaker 3072, utterance 3072_155948_000004_000014, CC BY 4.0	af1289ae71fd2f870fc136c3b81daf2b36578c58fd483fd6a2382509b460bd0e	265004
lt3082	Roland	male	en	high	brisk		LibriTTS-R speaker 3082, utterance 3082_165428_000050_000000, CC BY 4.0	c54a2c05e0d6f69568b793463e3355af3152031c9275f711d219cd17cd711909	268844
lt3105	Chance	male	en	low	brisk		LibriTTS-R speaker 3105, utterance 3105_163726_000004_000006, CC BY 4.0	48e055625dc084ecce0224ef0fdcce36e12250dd13c4d79e67811386bc338877	305324
lt3114	Loyal	male	en	high	even		LibriTTS-R speaker 3114, utterance 3114_170977_000108_000000, CC BY 4.0	1711fabebe89f7a8d1714b87a2b2a9788145b88ef7ca0433200eb2bfe16f6826	316844
lt3118	Wallace	male	en	high	slow		LibriTTS-R speaker 3118, utterance 3118_5909_000012_000004, CC BY 4.0	c333a801da05ae804762cccc3f94e13e8c1ecc40a69e95aefec882e93a9c4685	330284
lt3171	Tucker	male	en	high	slow		LibriTTS-R speaker 3171, utterance 3171_7574_000006_000005, CC BY 4.0	8fe1d13d2f0dd6ba6b4e0f2969b84522062bc34f707ec77195f2ec88f25b4067	272684
lt3180	Nico	male	en	mid	slow		LibriTTS-R speaker 3180, utterance 3180_138043_000008_000000, CC BY 4.0	e9b7712cf71959e1cec553af18bf519eb4ff4ad04f5d4d10e4b40c8a73e61cb1	247724
lt3185	Terence	male	en	high	brisk		LibriTTS-R speaker 3185, utterance 3185_163507_000042_000000, CC BY 4.0	d0f30797248cccef47839a0d6bef199b5445c9b0c3f0492228ea72bc11873d54	305324
lt3221	Jules	male	en	high	even		LibriTTS-R speaker 3221, utterance 3221_9174_000055_000000, CC BY 4.0	e5d779ae0c20d1499a1960e1bc7219da610594faca1bbb312f7f845eb761e471	336044
lt3230	Levi	male	en	low	brisk		LibriTTS-R speaker 3230, utterance 3230_137483_000060_000001, CC BY 4.0	d0bfe63c144b5ff67957ff4fb9437d58995801d14272bba17cdb9cd1368f6d92	336044
lt3274	Jordan	male	en	mid	brisk		LibriTTS-R speaker 3274, utterance 3274_163518_000120_000000, CC BY 4.0	52482ac9dd2616a2f42cefcc65732e78b960f3ee84ac16063fc8d5b0ce0a7f1a	301484
lt3289	Jose	male	en	low	brisk		LibriTTS-R speaker 3289, utterance 3289_171109_000003_000000, CC BY 4.0	0ac730adf0da042b351771e548bae1d3e466a17cdb7f7f444665260b6b9855bf	249644
lt329	Darrell	male	en	high	even		LibriTTS-R speaker 329, utterance 329_861_000005_000004, CC BY 4.0	c19a10be2858dfc2d4899810fd6727233736906ffcbea2a47c128aa61ddd550e	326444
lt3307	Jeremy	male	en	high	even		LibriTTS-R speaker 3307, utterance 3307_145138_000032_000000, CC BY 4.0	926a8a4fc08d463c7d77b00999ec195b55473ed9753dbec04bc7477016fb5678	249644
lt3328	Kory	male	en	low	slow		LibriTTS-R speaker 3328, utterance 3328_168626_000012_000004, CC BY 4.0	70f8bc54e9f54f9ee7fb17038cbeb83feabbbca30d01dfa25acf8cc93651ee0a	334124
lt335	Haskell	male	en	high	even		LibriTTS-R speaker 335, utterance 335_125951_000057_000000, CC BY 4.0	e4384cb6b1b5ab6ad3b681c9f8bb7a6f3831e1e60ed1a9ab90b55793d2c78ae8	289964
lt3368	Javon	male	en	low	brisk		LibriTTS-R speaker 3368, utterance 3368_170952_000065_000000, CC BY 4.0	a485a82e2c1743cf60ab4b7ebddc620f9bb112aba76b7183ab26868f428653b2	255404
lt3370	Adan	male	en	low	even		LibriTTS-R speaker 3370, utterance 3370_756_000013_000001, CC BY 4.0	da3c2d973f411c7b890a8c4bdf3a675c36e64fcb60da36830b04d76499f80d2a	240044
lt3389	Mekhi	male	en	high	brisk		LibriTTS-R speaker 3389, utterance 3389_13248_000020_000001, CC BY 4.0	67048358b8bc6a9f264ea547dfd25342804ed4589f06d4a722d252c2dcb96593	307244
lt340	Weldon	male	en	high	slow		LibriTTS-R speaker 340, utterance 340_124368_000024_000003, CC BY 4.0	583d1fa3386f8f0dce881a72ff43367a24605684bcd33238241f85fd44e78ed5	265004
lt3448	Jarred	male	en	low	slow		LibriTTS-R speaker 3448, utterance 3448_5416_000046_000002, CC BY 4.0	b88f869f4b1f49ff009eb0e040d112ddfda70e9f1a72d0aca8f15ba4a4ab3322	322604
lt345	Reginald	male	en	low	brisk		LibriTTS-R speaker 345, utterance 345_1129_000004_000002, CC BY 4.0	af017b3f21740b76eb30347472dfb31f9e50332f8a382dfe5b5b793c2f6021d6	322604
lt3483	Hermon	male	en	mid	even		LibriTTS-R speaker 3483, utterance 3483_119637_000020_000001, CC BY 4.0	30dbc94e8977fb4757b70eac53edd829e62d797d211415b35492fc4f845a7739	263084
lt3490	Adam	male	en	low	even		LibriTTS-R speaker 3490, utterance 3490_177627_000033_000005, CC BY 4.0	a089c9107c9383ed94038f134d40ffb49629275c810b25ea245d521b6f7c9494	311084
lt3521	Brenden	male	en	high	brisk		LibriTTS-R speaker 3521, utterance 3521_12715_000029_000004, CC BY 4.0	3d41fa7f2668edcfef9b52a6b967f1f5e597a7e94c239719dd23e04537db9a0f	314924
lt353	Elwood	male	en	mid	brisk		LibriTTS-R speaker 353, utterance 353_128309_000048_000001, CC BY 4.0	311fbdfaa1849167bff6b92c938b3405b2c6d82b49ec3575df7818e7f84efd64	265004
lt3540	Jaquan	male	en	high	brisk		LibriTTS-R speaker 3540, utterance 3540_163612_000124_000000, CC BY 4.0	314e3c507f77a0e62b0eb1c26ad0aaf2cc5ffc16b566218bab6c5d66d285dc10	330284
lt359	Caleb	male	en	high	slow		LibriTTS-R speaker 359, utterance 359_133630_000015_000005, CC BY 4.0	e13e1aa860e686a8d88627209ac2379ece343775801185d0ef68eb0918fbaeb1	328364
lt3654	Gary	male	en	low	brisk		LibriTTS-R speaker 3654, utterance 3654_171139_000017_000005, CC BY 4.0	4116cd7a69c4acb8c4690b5749ee97f54e1dc4021531e2efaec365946b9de3b2	243884
lt369	Maurice	male	en	high	brisk		LibriTTS-R speaker 369, utterance 369_125883_000045_000001, CC BY 4.0	2838398ab3c8ee5c38a0ec96d99344d7f047d4aa0618e610013eb2e7e30ea13d	278444
lt3717	Dustin	male	en	low	even		LibriTTS-R speaker 3717, utterance 3717_178149_000015_000001, CC BY 4.0	81bf855bf706422c9827a46bbb3e7e5ac038c2f659a4cc8d642541257e44ad5f	324524
lt3792	Camden	male	en	low	even		LibriTTS-R speaker 3792, utterance 3792_176660_000003_000000, CC BY 4.0	9187155a0e08d48e0cb03f8cc4ddf73665fafb0a6267bf012589c53eedf57783	318764
lt38	Todd	male	en	low	slow		LibriTTS-R speaker 38, utterance 38_121024_000031_000000, CC BY 4.0	461237b296f41d3f196d5c235cbc974bb4771cb1743bca5496c07c7dae20a662	255404
lt3825	Marco	male	en	low	brisk		LibriTTS-R speaker 3825, utterance 3825_134160_000025_000000, CC BY 4.0	4f0c836cb7447f67ebddbf08e94ef6c12150fc5edc520b7cd216d27a5b25021b	268844
lt3835	Holden	male	en	high	brisk		LibriTTS-R speaker 3835, utterance 3835_178028_000002_000000, CC BY 4.0	9459559034ec645b7e33c3ec71d54e468cc5492967e635a7baaac8ad338c0501	299564
lt3864	Eric	male	en	mid	brisk		LibriTTS-R speaker 3864, utterance 3864_185125_000005_000019, CC BY 4.0	7311f06ea8dc683642587110902822caf2c8a9e36251d3f8b70f5d83b9af8089	291884
lt3866	Gael	male	en	low	slow		LibriTTS-R speaker 3866, utterance 3866_9919_000018_000003, CC BY 4.0	683ad34e0dc6f97ac9be1470c3e9d3494dd086a98bf1fc6dfb8c9ce5fd1a2064	309164
lt3869	Delton	male	en	high	even		LibriTTS-R speaker 3869, utterance 3869_700_000014_000009, CC BY 4.0	b092e239dad146abf5d318e3e0222efa3c2689f78ed9532adf3ae97f8eb6fdf4	274604
lt3914	Amos	male	en	high	even		LibriTTS-R speaker 3914, utterance 3914_10088_000023_000000, CC BY 4.0	b53e75682389ea819aae9593ead62b49f580cf28328bb0c6b952c4f8d729948a	314924
lt3923	Antony	male	en	low	brisk		LibriTTS-R speaker 3923, utterance 3923_153309_000046_000001, CC BY 4.0	4f21b9d34860b0bdf8bdfb0be27e98d8e25cea35a928ed9d5dbd09fc8ea482df	332204
lt3927	Vicente	male	en	low	even		LibriTTS-R speaker 3927, utterance 3927_6556_000018_000006, CC BY 4.0	794e405c8251c8af6c5f7461f391f957502d694deeda8b378bdc8f23f171ad0d	249644
lt3945	Keenan	male	en	mid	even		LibriTTS-R speaker 3945, utterance 3945_29110_000040_000000, CC BY 4.0	d70fe756625e0b474c312bfff32ffb9ab7a3a938f049767fff93ce4b08799c1d	263084
lt3977	Julius	male	en	high	even		LibriTTS-R speaker 3977, utterance 3977_87547_000003_000003, CC BY 4.0	e01fcc51018abae3769c8fc0cecb48095a3592c93f0839562c0d45336758710b	270764
lt398	Rollie	male	en	low	brisk		LibriTTS-R speaker 398, utterance 398_123602_000031_000001, CC BY 4.0	cffb0cb72aa869e417bfb895b4eeef09b9173034430b43ed6e9bff2606ea5ce6	255404
lt3989	Pedro	male	en	high	even		LibriTTS-R speaker 3989, utterance 3989_182402_000022_000005, CC BY 4.0	a9c5499a45b05b28c3beb8fbd71bd2ff9ced7a732a493c1564b158d388ac26dc	243884
lt4010	Theo	male	en	mid	slow		LibriTTS-R speaker 4010, utterance 4010_10798_000016_000001, CC BY 4.0	006869503e1ed95f7abce5c6217fa93e24bef143d0f54b0c2f38a77e9345c1da	241964
lt4013	Hamp	male	en	low	even		LibriTTS-R speaker 4013, utterance 4013_11734_000016_000001, CC BY 4.0	929a64ee82157e5bbf12078c55c9f96447ae6565a8c69cdafbacad5962ebe7cb	309164
lt4039	Valentine	male	en	high	slow		LibriTTS-R speaker 4039, utterance 4039_184264_000010_000002, CC BY 4.0	e745c4cc62dac3f864230d32fe778550061b6f46aa3072ee6aa35a42178880b9	259244
lt4054	Darius	male	en	mid	brisk		LibriTTS-R speaker 4054, utterance 4054_11077_000051_000004, CC BY 4.0	31bcab2ce40d064ecfae092027304ac3072b85a8a6e13decf8ab2f922cee202f	324524
lt409	Arron	male	en	mid	even		LibriTTS-R speaker 409, utterance 409_124990_000018_000000, CC BY 4.0	266e96a72bfc0dff9bc65799891e1ae07150deb67991ef2d46f024180265b53d	274604
lt4108	Lewis	male	en	low	even		LibriTTS-R speaker 4108, utterance 4108_12546_000028_000004, CC BY 4.0	f85ac4e535a34956e69f23a58c903491b6df306b4dd244033407d21e79693b1b	274604
lt4110	Phil	male	en	high	slow		LibriTTS-R speaker 4110, utterance 4110_11533_000037_000001, CC BY 4.0	fed99e670cf237d778d9714b72a5b1b25357801257644094d94262580c1bc8d6	299564
lt4133	Jameson	male	en	mid	slow		LibriTTS-R speaker 4133, utterance 4133_6541_000042_000003, CC BY 4.0	90a2c265ead9b1942bef9a3903a8c58e1e2dd86b29fd2aab4949548114f3d7a2	295724
lt4148	Burton	male	en	high	brisk		LibriTTS-R speaker 4148, utterance 4148_134149_000035_000001, CC BY 4.0	3e6ea733728b8056f6a9b9eca665c83cecd436973514849414acbd1b2b541ee1	297644
lt4152	Joaquin	male	en	low	even		LibriTTS-R speaker 4152, utterance 4152_5710_000003_000003, CC BY 4.0	ba4120d8bb8f85ccc259561978944d310990a477d64ab4ab0bf6bd0de9aceee7	274604
lt4226	Kermit	male	en	high	brisk		LibriTTS-R speaker 4226, utterance 4226_12707_000038_000003, CC BY 4.0	982b0264aabaa3983c1054aad9ee7fe0a25695721eb027b70bd43d69bfdee978	263084
lt4236	Lloyd	male	en	mid	even		LibriTTS-R speaker 4236, utterance 4236_8927_000004_000003, CC BY 4.0	9a4bf394b7274da4a53b01e9c9595bf4f7e0236a448811793354c12edc16087e	309164
lt4243	Ayden	male	en	high	even		LibriTTS-R speaker 4243, utterance 4243_187023_000007_000004, CC BY 4.0	92c2a68dbbf17d94d126161b7fba7ba7eb87445ef603af275e9576b748afd080	299564
lt4246	Stewart	male	en	mid	slow		LibriTTS-R speaker 4246, utterance 4246_12544_000024_000000, CC BY 4.0	9731d7c8d96498093399ac4f24f7c06b26e45e033625b159a77f9115f0973860	288044
lt4257	Malcolm	male	en	high	even		LibriTTS-R speaker 4257, utterance 4257_6397_000021_000000, CC BY 4.0	d2f282d2728e261f0727c3d1ec0ddbb328b085b531620a40cf3f81d0561a4a89	318764
lt4278	Brendan	male	en	high	even		LibriTTS-R speaker 4278, utterance 4278_13270_000012_000000, CC BY 4.0	4d481e5976dcc22daea33114b1b08f6df85d1d4b74f5329a84e6c00364cfbf7c	314924
lt4290	Rhett	male	en	mid	slow		LibriTTS-R speaker 4290, utterance 4290_7622_000017_000000, CC BY 4.0	4cb8b9c1d11363c47680acb7b6375597690a1711dfb6dd39cd50e9282d5300fe	291884
lt4335	Garrick	male	en	low	even		LibriTTS-R speaker 4335, utterance 4335_15081_000007_000002, CC BY 4.0	c2b58a8211f3357ef2a86ff70ae3dbc8a8400efb5e3001cd42d3f9e097a51248	284204
lt4358	Duke	male	en	low	slow		LibriTTS-R speaker 4358, utterance 4358_20034_000003_000001, CC BY 4.0	a6c073dd446e39b666e37ebe2840c9e7fbef9d7f5fe04369cc930f3187dabbe2	289964
lt439	Benito	male	en	mid	slow		LibriTTS-R speaker 439, utterance 439_122809_000014_000003, CC BY 4.0	7798b040bc7462d8748e1980178d230bfa2c795fa0619e9b1bec8499d057a259	276524
lt4425	Eldred	male	en	high	brisk		LibriTTS-R speaker 4425, utterance 4425_14497_000052_000000, CC BY 4.0	0a01d35d17e8524613468f523e18b95d58fb785d5b2850770da48724a214ec2c	240044
lt4438	Leland	male	en	mid	even		LibriTTS-R speaker 4438, utterance 4438_48513_000003_000002, CC BY 4.0	68692d25505e1c265d73bf04e0b6839559023316268a059a4ca6e410ae565325	266924
lt4495	Cruz	male	en	low	slow		LibriTTS-R speaker 4495, utterance 4495_10160_000028_000002, CC BY 4.0	cc7f8c59485c335a966d8aa1b847765bd0c209d7347d163056f3ecd5d5fe765d	259244
lt4535	Jayce	male	en	high	brisk		LibriTTS-R speaker 4535, utterance 4535_279849_000039_000002, CC BY 4.0	7d6ce449a7faca3f04d0efbc2108aa835b3588616f4ef28975aa9210e769221c	311084
lt454	Misael	male	en	low	slow		LibriTTS-R speaker 454, utterance 454_134728_000048_000003, CC BY 4.0	e52111c0e71179f0c3f6348a22fb8aeb0bd50860604d185831dc073b66d19ba4	263084
lt4586	Tillman	male	en	mid	slow		LibriTTS-R speaker 4586, utterance 4586_19665_000021_000001, CC BY 4.0	f3054af83a08f85c83f0e40f249d81971291a1f8cdbc0c2d7f2c1fae559abec4	309164
lt459	Terrance	male	en	mid	even		LibriTTS-R speaker 459, utterance 459_123443_000065_000000, CC BY 4.0	21527b77c6f412d9ebc5899dfc8720388b1a346cb273f1f78b158cca0cac7758	305324
lt4590	Lucius	male	en	low	brisk		LibriTTS-R speaker 4590, utterance 4590_18006_000008_000008, CC BY 4.0	10b461c4641da192e1d124ca014d8f69add5ea3f94daac36e75ebec98aaa7ec1	291884
lt4595	Stanton	male	en	high	brisk		LibriTTS-R speaker 4595, utterance 4595_45218_000039_000002, CC BY 4.0	a2112cdbe9559ff2be63368a51b45539047846902b274a225e7ae983e9923e30	303404
lt4629	Finley	male	en	mid	even		LibriTTS-R speaker 4629, utterance 4629_19366_000015_000001, CC BY 4.0	30e5c7d554b052240adac03356dc8909fa171d8673acf19dc9a9a79272c8339e	263084
lt4719	Winford	male	en	high	brisk		LibriTTS-R speaker 4719, utterance 4719_25766_000089_000000, CC BY 4.0	2ee95f7014e7b5f4e7cf5737f8f546ef4b89593ca3373ceace2d083f0059100f	295724
lt4733	Carlos	male	en	low	brisk		LibriTTS-R speaker 4733, utterance 4733_6398_000001_000012, CC BY 4.0	6010c46840e5c9234deb2b1220cd7e65db11f0fbbe51da102d3b80ba4bfb203c	263084
lt4734	Manuel	male	en	mid	even		LibriTTS-R speaker 4734, utterance 4734_220951_000022_000003, CC BY 4.0	0a40121c3b4b85e55bd234fc469fbd71c0d8b6722b9e6cfe199d7fbde69dcd73	240044
lt475	Joey	male	en	high	even		LibriTTS-R speaker 475, utterance 475_124999_000006_000001, CC BY 4.0	81f1d1ee6c13a30284c7a167928a1eef7b0335d2a957dccaf6f21a92207b2c66	263084
lt476	Rich	male	en	low	even		LibriTTS-R speaker 476, utterance 476_133471_000036_000000, CC BY 4.0	7e1dc41768d89539b7e93836d14d4c3a94dba4b265122a1fde27bf7fe0b3d68a	243884
lt480	Lafayette	male	en	mid	slow		LibriTTS-R speaker 480, utterance 480_127525_000001_000001, CC BY 4.0	d3fec3af609fc2abdc47c9df2e5507c74623af1856acf5b8b3613f4fac8f1199	299564
lt4806	Raleigh	male	en	low	brisk		LibriTTS-R speaker 4806, utterance 4806_26895_000002_000007, CC BY 4.0	a7ce6c8cc55977bc4b8b3eea826cd30b15110aff0a6e9478386fe0505df0a870	249644
lt4848	Dewey	male	en	high	slow		LibriTTS-R speaker 4848, utterance 4848_29108_000013_000000, CC BY 4.0	acb7b04e4d72793e430ee0b58516727f78e07bc722465ee2fd0756b2903ea348	282284
lt4854	Camron	male	en	low	slow		LibriTTS-R speaker 4854, utterance 4854_24731_000031_000000, CC BY 4.0	7d30ace16443923612d71b79e49de3a12fd74d12dbdba04e3e2cbf8a2bd5fcc7	307244
lt4856	Webster	male	en	high	even		LibriTTS-R speaker 4856, utterance 4856_12103_000007_000001, CC BY 4.0	7783d10c82948c899508245cd354840b51dff40f657adda3f848047e9a5e278e	245804
lt4860	Rubin	male	en	low	brisk		LibriTTS-R speaker 4860, utterance 4860_13185_000015_000004, CC BY 4.0	2165d25db0b6934c1f073a7ace1200683b2ff53ca4263acc892e06dfde13469b	326444
lt487	Melvin	male	en	mid	slow		LibriTTS-R speaker 487, utterance 487_129440_000018_000002, CC BY 4.0	8ef348d163030344ec65dcf4d500fb71425a3be120f14f4270bb2079b9f3823b	326444
lt492	Mikel	male	en	high	slow		LibriTTS-R speaker 492, utterance 492_131887_000005_000000, CC BY 4.0	480fa9c648d25471e427772c08db577d1a95177e1e8e55053ec175dd9a1905f0	316844
lt4945	Burley	male	en	low	brisk		LibriTTS-R speaker 4945, utterance 4945_29090_000020_000001, CC BY 4.0	95bc7ad7894efe29b5804ea74f6968b84dbf5ec3e9398625cc4f5b86c05b10c4	249644
lt497	Kenton	male	en	high	even		LibriTTS-R speaker 497, utterance 497_125118_000141_000000, CC BY 4.0	f1b06cf607aed15f9e45cfc706465f8ead70e43ea8ea9c5799973355ec7284eb	240044
lt4973	Christian	male	en	high	brisk		LibriTTS-R speaker 4973, utterance 4973_24514_000025_000000, CC BY 4.0	72204ebb953e323e138b563bb4b68d59bf7e0bf92c61bf121c495e3fde3f06c3	282284
lt500	Tyrone	male	en	mid	even		LibriTTS-R speaker 500, utterance 500_125123_000118_000001, CC BY 4.0	9babb1d4aff7c3b030cc082409ed4d05c8d70796a32ee214b573d36cba77d3af	253484
lt5002	Trace	male	en	high	slow		LibriTTS-R speaker 5002, utterance 5002_70998_000018_000003, CC BY 4.0	e5f6e4b570b54b0b3d4b021eee8404fab86d8f3adf557843d69c32d8d3ab0571	284204
lt501	Jorge	male	en	mid	even		LibriTTS-R speaker 501, utterance 501_125128_000069_000000, CC BY 4.0	62ede663da914b016ed79deff4ad3583506e8208292fb770268a5373a36283d6	272684
lt5092	Junior	male	en	low	even		LibriTTS-R speaker 5092, utterance 5092_28465_000017_000000, CC BY 4.0	3e93c1a271406c6947365840a43126755010716690d13338bef6e413447f5cfd	309164
lt510	Sid	male	en	low	slow		LibriTTS-R speaker 510, utterance 510_130101_000005_000004, CC BY 4.0	974ed8830ab8854acca7e82970ac66e243d554659e0f622a6ea33becb1c82f0f	268844
lt511	Kristopher	male	en	high	slow		LibriTTS-R speaker 511, utterance 511_131228_000078_000004, CC BY 4.0	d2ec5cbf2900ea971447cbf423c8a5fcfc9b2ff47e0bcc327f6bb2701f7feda9	255404
lt512	Scot	male	en	high	even		LibriTTS-R speaker 512, utterance 512_124549_000019_000000, CC BY 4.0	a33c70a6a459d2e76f6ba38af26c85c9aebb541dbfa984dc04ab32c085de06df	243884
lt5123	Rogers	male	en	high	slow		LibriTTS-R speaker 5123, utterance 5123_34572_000014_000004, CC BY 4.0	b3988fea120040f8cef4cdbfa1aeceea74de58df265e94dd96549a7c3453ee1d	309164
lt5126	Dylan	male	en	mid	slow		LibriTTS-R speaker 5126, utterance 5126_27504_000017_000007, CC BY 4.0	3e84e40f7d0315b4a4c1e7d39cb39d5f38c7044d51370f50ff0cf0a1286df88f	318764
lt5147	Hayden	male	en	low	brisk		LibriTTS-R speaker 5147, utterance 5147_32136_000032_000004, CC BY 4.0	595669b35bf88ff5738c4af36dc3ae22efdb710bdb056a95db81d8050aba406b	286124
lt5157	Forrest	male	en	mid	slow		LibriTTS-R speaker 5157, utterance 5157_47238_000018_000000, CC BY 4.0	03fe2b78f2482bd6b7668c3fc91edfdadbdf3c0926caaf68e50fd3a78bbd4b86	253484
lt5186	Colten	male	en	high	slow		LibriTTS-R speaker 5186, utterance 5186_7793_000041_000006, CC BY 4.0	026ea4f7da7abd6c59ab2dc80874fd41bc9b94f058b8a499f4001f13f04057c8	293804
lt5189	Cicero	male	en	low	brisk		LibriTTS-R speaker 5189, utterance 5189_59288_000018_000000, CC BY 4.0	01472c3b3dfe9d2a02d01bd29586c9a2cc72a7be4c509d3ebae871f9568ef526	288044
lt5190	Marc	male	en	high	slow		LibriTTS-R speaker 5190, utterance 5190_87766_000015_000003, CC BY 4.0	5263a4af2da1e920bca1329a55c4071ff2b4acf0b73bfd4b5baacc1836ff8347	313004
lt5206	Garrett	male	en	high	slow		LibriTTS-R speaker 5206, utterance 5206_19376_000062_000003, CC BY 4.0	f0dbbf868cea21bcff4367bd0b43156bc4fa57edbafb4790167151e77eeae4c0	284204
lt5239	Royal	male	en	mid	even		LibriTTS-R speaker 5239, utterance 5239_31629_000054_000000, CC BY 4.0	1e4cb1d298ffd876d3a583f7da01f231245254a4d8f653f8bfad1eacb5253d90	332204
lt5242	Glenn	male	en	high	slow		LibriTTS-R speaker 5242, utterance 5242_35926_000024_000001, CC BY 4.0	55681fcad3b3703ebd3097d87a72ed28405e06dc61b2e8b7d8bc5212468487f7	336044
lt5246	Nathanial	male	en	mid	even		LibriTTS-R speaker 5246, utterance 5246_30101_000066_000006, CC BY 4.0	7760ed4fd486f21fd3327d6fb43c0e12d9f6f51f8deb8a3bdeaa2dfda42e0126	320684
lt5261	Norman	male	en	mid	brisk		LibriTTS-R speaker 5261, utterance 5261_19371_000030_000001, CC BY 4.0	d0b006d9bf98ddb7a094e5c49b931cf6841bdd6ec384e11187dc36244dbd020f	336044
lt5293	Sanford	male	en	mid	brisk		LibriTTS-R speaker 5293, utterance 5293_82020_000019_000003, CC BY 4.0	b0cc408e45cbbb29b2935be2f37a7038a07aff5ff44a91414d14267c4098df35	313004
lt5304	Harve	male	en	high	even		LibriTTS-R speaker 5304, utterance 5304_55856_000043_000000, CC BY 4.0	28a1ade7ca1e99acfd972ce3558ac55533401febdfd79999d8ca4af97f00dba8	266924
lt5319	Isaias	male	en	low	even		LibriTTS-R speaker 5319, utterance 5319_64075_000019_000002, CC BY 4.0	155da7a22dfe4e3ab1c4d07fbefa7fa6196c71d4742fdff8f2d11a28dbe69103	268844
lt5333	Garnett	male	en	high	even		LibriTTS-R speaker 5333, utterance 5333_37092_000015_000001, CC BY 4.0	01dbcf0425f475aa83dce8e72f7e82eedf2cfddb6d609629a9ec31754516ad5a	297644
lt5386	Dominic	male	en	mid	brisk		LibriTTS-R speaker 5386, utterance 5386_4145_000005_000002, CC BY 4.0	efe670476c4ea2c5201e40eaf9bb02bbbac0ee37376c9bd58ec9f980aea19208	261164
lt5389	Stevie	male	en	mid	slow		LibriTTS-R speaker 5389, utterance 5389_4861_000063_000002, CC BY 4.0	a347092d7514012553b26a50d7717e180ed17de10a6e655515c0d1ee86dc1661	280364
lt5401	Edison	male	en	low	slow		LibriTTS-R speaker 5401, utterance 5401_39508_000010_000001, CC BY 4.0	8388fff21f80e77a5dfa708cb003a09125bee84d91951f180a3360ca3cab42f3	280364
lt543	Brandon	male	en	high	slow		LibriTTS-R speaker 543, utterance 543_137106_000003_000008, CC BY 4.0	c3f0cf53a38579b68586e1c5111bb5108aa683c2197f93f4fda35ad8c0ce634f	297644
lt5448	Lyman	male	en	mid	even		LibriTTS-R speaker 5448, utterance 5448_19208_000058_000002, CC BY 4.0	fd1536661e99b9eef5f4408ead611852430e6887aa8de43ee343ef0d61c300ea	278444
lt548	Freddy	male	en	mid	slow		LibriTTS-R speaker 548, utterance 548_126959_000005_000000, CC BY 4.0	c6102a722aa6398af77029ac6d06eb000d294969e8b05e3f39e2ef073f9c2757	276524
lt55	Wellington	male	en	mid	brisk		LibriTTS-R speaker 55, utterance 55_121068_000049_000000, CC BY 4.0	dd2fa8d6172405652b2ff1a83ea3581c988124ada9e699d29485a91384fb3b20	257324
lt5519	Ernst	male	en	mid	brisk		LibriTTS-R speaker 5519, utterance 5519_39478_000009_000005, CC BY 4.0	0d7dfa0a7ee444933f97d89ee740eb51ee0202383bff4de6bf9480ab2ae73c6d	280364
lt559	Jarvis	male	en	mid	slow		LibriTTS-R speaker 559, utterance 559_289453_000068_000000, CC BY 4.0	53d1f723058c6e21193bd690b04453a8a18fcc40069d84eb5389463bb03fdf93	318764
lt561	Norbert	male	en	high	brisk		LibriTTS-R speaker 561, utterance 561_126319_000007_000000, CC BY 4.0	2130b16269053c3a43469e9be4599e1eb3cc260f943a675fe19c2a88c7bf3c66	309164
lt5635	Olin	male	en	mid	brisk		LibriTTS-R speaker 5635, utterance 5635_53458_000040_000001, CC BY 4.0	8cfcd18423f3dff5fd023d36216b1f8705c4d125ec005a2de1135782d96c604b	320684
lt5656	Meyer	male	en	mid	even		LibriTTS-R speaker 5656, utterance 5656_44577_000053_000006, CC BY 4.0	c91d92b0ff736e0e583c27b0bf5ae94b93baa9a7860c0df6fc4ab6286978eedf	255404
lt5672	Bruno	male	en	low	brisk		LibriTTS-R speaker 5672, utterance 5672_88367_000006_000007, CC BY 4.0	c3c3e040f3d60afb9e745519267bdb9badee17de540676128dab76b3d2fe1158	274604
lt5717	Otho	male	en	high	slow		LibriTTS-R speaker 5717, utterance 5717_94876_000034_000000, CC BY 4.0	7acf357df88261fce5591d2d6c02e7e311579a093a72ada2fc6720510af7d98b	268844
lt5727	Justice	male	en	mid	brisk		LibriTTS-R speaker 5727, utterance 5727_47030_000023_000000, CC BY 4.0	22482c0f60a185e8723b8cf115e3e404e1ae149b208186b8cfcc7fe199784d4d	263084
lt5746	Eldon	male	en	low	brisk		LibriTTS-R speaker 5746, utterance 5746_48362_000002_000004, CC BY 4.0	263453f24e2745f3357ea8a9c8ca7c3191ab5700d2e3ddd10e64a21526023e4b	263084
lt5767	Jarrod	male	en	low	even		LibriTTS-R speaker 5767, utterance 5767_48579_000015_000000, CC BY 4.0	872d608e53f070b6379229f8dade5cbb803b41a15779e860750df9e7abc0acee	309164
lt5776	Williams	male	en	high	slow		LibriTTS-R speaker 5776, utterance 5776_46889_000077_000000, CC BY 4.0	2638b8434b79d87edaadd474935ae169938f6c3bf5b6f20aa1cdf18a8c7182ed	286124
lt580	Ike	male	en	low	brisk		LibriTTS-R speaker 580, utterance 580_126945_000026_000004, CC BY 4.0	c46d3d370dc23a3d915727e6138be29f425945077f4742fb4a8208b09e8a94e5	326444
lt5802	Turner	male	en	high	brisk		LibriTTS-R speaker 5802, utterance 5802_66347_000018_000001, CC BY 4.0	cb670e2a6c3ba46e4c707ca6ef2894ef13d91b7f812febc8cc85ddad89b55341	314924
lt581	Arvid	male	en	high	brisk		LibriTTS-R speaker 581, utterance 581_126957_000023_000000, CC BY 4.0	8ea816f06dd1c33790d7aeb34f29916b4ae31b50a088ee703c08836278bbff93	280364
lt5810	Geo	male	en	low	slow		LibriTTS-R speaker 5810, utterance 5810_8689_000008_000000, CC BY 4.0	9faf07d1fa0fffd5138756d4990cbea6e4d5ef49764971899b1c7f2f4060f1cd	249644
lt5868	Ricardo	male	en	high	even		LibriTTS-R speaker 5868, utterance 5868_54659_000004_000004, CC BY 4.0	bbaa9c08e72b70658bab7a3780ee3f498d19dae3b5fe611be93c0f45161bc86f	293804
lt5883	Dillon	male	en	mid	brisk		LibriTTS-R speaker 5883, utterance 5883_59268_000050_000001, CC BY 4.0	70cfcead5c891df13234e79460c01fd88ad5eae7038ecb5797444896a4fdd156	255404
lt5909	Pete	male	en	low	even		LibriTTS-R speaker 5909, utterance 5909_107621_000070_000002, CC BY 4.0	3006db430493174524f350d922668536603f259acb865f4d0d481a366d5bdc0b	303404
lt5914	Val	male	en	high	even		LibriTTS-R speaker 5914, utterance 5914_52088_000042_000002, CC BY 4.0	6446f9f088057f672bb228c0f234e6daa2b4e210bc626a7fcdfc487e36ac387a	284204
lt5918	Irwin	male	en	low	brisk		LibriTTS-R speaker 5918, utterance 5918_46890_000080_000000, CC BY 4.0	dc0e48979ecc307e554ff875aa0f2037cd80713f9754e1e30de8f139fc5f3cb9	263084
lt5935	Lenny	male	en	low	even		LibriTTS-R speaker 5935, utterance 5935_43305_000011_000002, CC BY 4.0	40eb7b164099878d4e318b749ac94a0890d53c6027b9a94cac6e667570d151cc	334124
lt594	Dexter	male	en	high	even		LibriTTS-R speaker 594, utterance 594_127731_000017_000001, CC BY 4.0	55c62ca092a825d0ee2aebff168b20750cbf375d0022f7f4dac3e8b0bca3fc4e	291884
lt5940	Jerry	male	en	low	brisk		LibriTTS-R speaker 5940, utterance 5940_54613_000052_000000, CC BY 4.0	a1a57773ea6f9821414197fc6eba3d1ad120bed15ded5baf301c96e305080d29	253484
lt5975	Mathias	male	en	low	slow		LibriTTS-R speaker 5975, utterance 5975_54006_000047_000003, CC BY 4.0	833b5414a9e688e3f7bef08d133204d23efff9b88374d161393eb122c1b5133c	265004
lt5985	Josef	male	en	mid	slow		LibriTTS-R speaker 5985, utterance 5985_63885_000028_000000, CC BY 4.0	a2586e8f8491f5592ab9e22cc836b2eb427256b645a2884821ee01c3a7435579	272684
lt606	Cristopher	male	en	high	slow		LibriTTS-R speaker 606, utterance 606_121661_000059_000001, CC BY 4.0	e8b1523dea28f2f7e9f0231cf4327df1dc210747bfff9029a124b58ba6675a70	245804
lt6060	Claud	male	en	high	even		LibriTTS-R speaker 6060, utterance 6060_58090_000014_000004, CC BY 4.0	cfb1a3ebd897cba5030e1785a6d236254be5d6ed7140281d608d2ea203999237	297644
lt6080	Junius	male	en	mid	even		LibriTTS-R speaker 6080, utterance 6080_58025_000009_000007, CC BY 4.0	6ce4b361648c4a2b11faa9895c6859ffb2076cac8e225ddfc93202f81bc9b66b	270764
lt6098	Dangelo	male	en	mid	brisk		LibriTTS-R speaker 6098, utterance 6098_57837_000009_000000, CC BY 4.0	850488048326c758a3a36c3f0feafa960fc467339495870ae379ad057ef0c7e5	243884
lt6115	Gustavo	male	en	low	brisk		LibriTTS-R speaker 6115, utterance 6115_58776_000005_000000, CC BY 4.0	765b98dd9f6eb522594c652f5b4c30a39dfde37834a02359de2e3e0ba3ee42bb	286124
lt6157	Thaddeus	male	en	high	slow		LibriTTS-R speaker 6157, utterance 6157_40556_000027_000008, CC BY 4.0	35157cfafe36bc96527bfdf731742315124a837c9470084a5071a8e75446ef0b	288044
lt6258	Rollin	male	en	high	brisk		LibriTTS-R speaker 6258, utterance 6258_49755_000017_000000, CC BY 4.0	a3b4a2977349d39c7960a817eec82c9051a8c2bd3e9c3e3fc2823c86729954ae	309164
lt6269	Valentin	male	en	low	slow		LibriTTS-R speaker 6269, utterance 6269_66184_000016_000005, CC BY 4.0	1886f36d7f31c61c7edee3a1475c8b7a7f1ac4d4d0bd7195ee3a4fe077f3562d	272684
lt6294	Herman	male	en	low	brisk		LibriTTS-R speaker 6294, utterance 6294_86679_000039_000005, CC BY 4.0	1922ed43a6412cbe8b9119ca0dc07e55138b6a32f475c98805a54fd7cea9b4b7	314924
lt6330	Jasper	male	en	mid	slow		LibriTTS-R speaker 6330, utterance 6330_62850_000011_000006, CC BY 4.0	0cf0dd54c64ba036c75a6c4644561b89737963b1f94d6235278b5fb58289f47e	261164
lt637	Cash	male	en	low	slow		LibriTTS-R speaker 637, utterance 637_127595_000024_000005, CC BY 4.0	cb510cafcb819d3037babab61b35a053a357a3109a0b5046d06fe823d899bac8	249644
lt639	Jefferson	male	en	low	even		LibriTTS-R speaker 639, utterance 639_124526_000008_000003, CC BY 4.0	7646e5c140282803fba1781a57bb91df6b4a6a260052dba160e04c75acce1237	251564
lt6395	Galen	male	en	mid	even		LibriTTS-R speaker 6395, utterance 6395_86708_000023_000000, CC BY 4.0	ba1f64096934a569465137ec0a5f1408a48e5233a516bb9b0b4518d8c050c4f7	278444
lt6446	Bruce	male	en	high	slow		LibriTTS-R speaker 6446, utterance 6446_57416_000027_000000, CC BY 4.0	7b18b125313bcbf9430bf0f6c10eb83759ee2a5ff5822942db3b4c85e1603acc	261164
lt6458	Maximus	male	en	mid	brisk		LibriTTS-R speaker 6458, utterance 6458_232057_000144_000000, CC BY 4.0	144ec02a762d9bcca4ddcc2bcca843f296277b43a314caf2c84f5321fd76900a	326444
lt6492	Estevan	male	en	low	even		LibriTTS-R speaker 6492, utterance 6492_68353_000009_000000, CC BY 4.0	883646b33ddeebe69b412140cd26c5a8b31345c5421d6d4cb593d9f259b5bcfb	314924
lt6494	Geoffrey	male	en	low	even		LibriTTS-R speaker 6494, utterance 6494_60801_000009_000004, CC BY 4.0	1af45c0667a18efecfae186692f104184b73eec9780bb6a42307e443057bf548	336044
lt6497	Elwin	male	en	mid	slow		LibriTTS-R speaker 6497, utterance 6497_234067_000030_000000, CC BY 4.0	abd60546acda85c17ffd6a8f7a3ecfd146a5130d45f8c6b6a16a205d5ffd5beb	263084
lt6499	Vance	male	en	high	slow		LibriTTS-R speaker 6499, utterance 6499_87508_000005_000004, CC BY 4.0	d98d485e4723400794d57cc1df33120271e5f44fe127eaf9da7adfc2a5390841	284204
lt6510	Roosevelt	male	en	high	slow		LibriTTS-R speaker 6510, utterance 6510_62516_000107_000001, CC BY 4.0	cdc4e64f01d7160e9e8039c773084508684d31dfb3b8a4c3d0e4291aae4e208f	301484
lt6538	Garrison	male	en	mid	brisk		LibriTTS-R speaker 6538, utterance 6538_81859_000018_000000, CC BY 4.0	bbe6672b3e4db0a92a8358e7a6fd2e19f45df15ab16404e8defbd66a4cfc742a	266924
lt6550	Tomas	male	en	high	even		LibriTTS-R speaker 6550, utterance 6550_53343_000010_000006, CC BY 4.0	6e9abbc0ae975a9546a5d1a9f7d8556e2a69d45aa9f411467d505850708e8c4e	249644
lt6553	Alex	male	en	mid	even		LibriTTS-R speaker 6553, utterance 6553_82558_000010_000001, CC BY 4.0	4f80fb565fba0e6ae72d81c431a2e94cd730f8b35e51575f60cf285ce08d9c6c	261164
lt6555	Don	male	en	high	slow		LibriTTS-R speaker 6555, utterance 6555_398_000014_000004, CC BY 4.0	c5b3cf663afdc0c22cc5ba95f1950d96ebd75e26c44383675793050ca9d9b6de	311084
lt6574	Derik	male	en	mid	even		LibriTTS-R speaker 6574, utterance 6574_70756_000011_000001, CC BY 4.0	99036237d277c4fad8271756eff45750257cbf7fa973fb2bfefa69c71dd85a42	241964
lt6575	Abram	male	en	high	slow		LibriTTS-R speaker 6575, utterance 6575_67584_000021_000002, CC BY 4.0	76f1f0ddb77de68b20664ced2aa5d1f6d03ac5bce907cba46f983049acb02260	289964
lt663	Andre	male	en	low	even		LibriTTS-R speaker 663, utterance 663_128990_000007_000000, CC BY 4.0	5827d444b4cf17cfa934b1842513bc4a9c8d7e0e3ec72624e739dfa926efa334	243884
lt6686	Neal	male	en	high	even		LibriTTS-R speaker 6686, utterance 6686_216563_000039_000005, CC BY 4.0	ade0fd5e408714ce1a3c9efc8d263a94b1afb3c3a06e54238198351e4a124e67	305324
lt6694	Parker	male	en	low	slow		LibriTTS-R speaker 6694, utterance 6694_70837_000012_000003, CC BY 4.0	d280af3593d6c039e1fe511d69eb88a98afdba7a96ea81c435535fbd89e4b3ea	328364
lt6701	Quinton	male	en	low	even		LibriTTS-R speaker 6701, utterance 6701_71402_000097_000000, CC BY 4.0	622a22a23efc89d60080b49ee0bc6fea73bc2337d5bc10bcef3bfd57356dfa75	255404
lt6727	Wilson	male	en	mid	slow		LibriTTS-R speaker 6727, utterance 6727_10344_000058_000007, CC BY 4.0	c841be73efcf5dc36766f9d587f6c7f7698ee88832c5fc13efb4430f3a6c853d	309164
lt6877	Jarrett	male	en	mid	slow		LibriTTS-R speaker 6877, utterance 6877_79973_000027_000000, CC BY 4.0	923909be936404d7e177b9e24dd15e61566f40cb7b7bedf976d3ffb21807650a	251564
lt6956	Werner	male	en	high	even		LibriTTS-R speaker 6956, utterance 6956_81870_000007_000004, CC BY 4.0	88ae4b1625fca8a878c011b36c5a8d4039093f4ae026deb620d1502271f82c48	257324
lt6965	Keith	male	en	high	slow		LibriTTS-R speaker 6965, utterance 6965_277899_000018_000001, CC BY 4.0	25e8e0b2cb79cef48438e6c6e9e497768432c84e6083dc8959016cdb9d510323	255404
lt6981	Dan	male	en	low	brisk		LibriTTS-R speaker 6981, utterance 6981_70843_000083_000006, CC BY 4.0	35291f711e8c818de9c011e699ead7068a39b9f0f522bd7e60af6c42354e3c0a	253484
lt6993	Peter	male	en	low	even		LibriTTS-R speaker 6993, utterance 6993_83607_000013_000001, CC BY 4.0	680d05bf2092c9c14145f65c3410afcfcda2b18de1314b9ffa7e578b14936864	324524
lt70	Joe	male	en	high	brisk		LibriTTS-R speaker 70, utterance 70_121127_000008_000000, CC BY 4.0	d5a7c67f0930f555d68451c7ee5ae2442b98eea93c96e113eeee0c9ae01b191c	241964
lt7000	Travis	male	en	mid	even		LibriTTS-R speaker 7000, utterance 7000_83706_000005_000005, CC BY 4.0	91b2c9cd5963e1a38206d87db9fd053b605441f55177ec794a2a4200fe129599	326444
lt7011	Corey	male	en	low	brisk		LibriTTS-R speaker 7011, utterance 7011_66622_000041_000001, CC BY 4.0	ac6afa021d24db4349298e4659aeb26d4ca417a2ef041e79bde1b88213f919b8	313004
lt7030	Felipe	male	en	high	even		LibriTTS-R speaker 7030, utterance 7030_64588_000013_000017, CC BY 4.0	34f7246ff2d1be98c103bcd42f8b83392ccfd20c81c44d98736d7d0368e286a4	270764
lt7051	Rufus	male	en	high	slow		LibriTTS-R speaker 7051, utterance 7051_259009_000008_000002, CC BY 4.0	11b8477d06e52c8028c9731d6e8f91289dcdf61ccf60ac2ddf061926a01c6ffc	251564
lt7061	Newell	male	en	low	even		LibriTTS-R speaker 7061, utterance 7061_85640_000011_000000, CC BY 4.0	4116e2575cadbf5f75a1087278679525db090b40faa47042114f9faa242d5087	286124
lt7069	Keon	male	en	high	slow		LibriTTS-R speaker 7069, utterance 7069_246892_000023_000000, CC BY 4.0	006d5049d1d7c4383bc3555987d9d8a4a00ace1a19b0412baa10efdc485cec09	249644
lt707	Andreas	male	en	mid	brisk		LibriTTS-R speaker 707, utterance 707_161166_000011_000001, CC BY 4.0	597d8d4e874938813850d74f08abf3d4de938065613d8c6d0810d07e406b063b	289964
lt708	Lorenzo	male	en	low	slow		LibriTTS-R speaker 708, utterance 708_129393_000012_000005, CC BY 4.0	02f2a72f9caf51ba57051d9fbc13160159de5f77777e99f3a49bf45bd1b09ef0	320684
lt7085	Keegan	male	en	high	slow		LibriTTS-R speaker 7085, utterance 7085_75810_000005_000010, CC BY 4.0	17afd725c71ad89d38af2ada9467cf41dc61992912326cf2b6be2cd4f5e93e2a	316844
lt7095	Tristian	male	en	mid	even		LibriTTS-R speaker 7095, utterance 7095_88489_000014_000002, CC BY 4.0	59bbc70bed81187a0ddc31891605f391675d828d55c2d695a8e4cb07292e55f7	284204
lt711	Adolph	male	en	low	even		LibriTTS-R speaker 711, utterance 711_187466_000007_000002, CC BY 4.0	128c02d1e965b42280dc16b3dc16f8974da5b6eba5aa8d3d2764614986103d3d	291884
lt7126	Jerrod	male	en	high	brisk		LibriTTS-R speaker 7126, utterance 7126_59167_000010_000004, CC BY 4.0	54066cd25eef13f5d61a616591dd23935e33653bf01be09ce9cfc3c6978e768b	301484
lt7128	Evert	male	en	low	slow		LibriTTS-R speaker 7128, utterance 7128_84122_000027_000000, CC BY 4.0	f7fac3c4f53dca47bca0d6cce276ae744cda0e6d9acea6b2456e6b8b49dca7c5	297644
lt7134	Coty	male	en	mid	even		LibriTTS-R speaker 7134, utterance 7134_67200_000026_000002, CC BY 4.0	e0bca90a21b9ad7a41d65db13872743eab567d0a90463cb518c94c4aab094673	263084
lt7139	Major	male	en	mid	slow		LibriTTS-R speaker 7139, utterance 7139_88748_000014_000000, CC BY 4.0	db4a5b1064b606d3dd2f7c0abb0a92910289d7f91b4b0bc37f65ca0ee744d997	272684
lt716	Reid	male	en	low	brisk		LibriTTS-R speaker 716, utterance 716_129582_000011_000004, CC BY 4.0	5ad38cdde65b730a017824530a441958f355da30e67e8fbddd09a010e745ffe2	255404
lt7169	Jared	male	en	high	brisk		LibriTTS-R speaker 7169, utterance 7169_89735_000007_000000, CC BY 4.0	1034b536c60187bca22f0a37f0b2e8831229defd913b26256bea73d1c1f34fb3	288044
lt718	Wendell	male	en	low	brisk		LibriTTS-R speaker 718, utterance 718_129596_000025_000001, CC BY 4.0	ae39fa79ec84aa5506649060c977dfe27ba3cd36d89b3a7c51dda10f690574b6	311084
lt7188	Charlie	male	en	mid	slow		LibriTTS-R speaker 7188, utterance 7188_104637_000062_000001, CC BY 4.0	361ab5069a73b55e54c462a73528a754a117f3afe4ccc3bbcd79fdbbce47ce49	251564
lt724	Erich	male	en	high	slow		LibriTTS-R speaker 724, utterance 724_123285_000040_000004, CC BY 4.0	b771a0c023a8e4bd8f03001223211c99e79a9de3362252729e19f20e8e55b34b	286124
lt7241	Julien	male	en	low	even		LibriTTS-R speaker 7241, utterance 7241_90850_000025_000001, CC BY 4.0	0f86855345236ac9afbaf744e4ab677ce5dcacc31d5466fdd4e729f683ee6292	240044
lt7247	Shelton	male	en	high	even		LibriTTS-R speaker 7247, utterance 7247_101864_000023_000001, CC BY 4.0	4e53194ca483a665eecb765f955048381b5a4154c892fdefd69e1a9dc7a44211	289964
lt7258	Luke	male	en	mid	slow		LibriTTS-R speaker 7258, utterance 7258_91902_000010_000001, CC BY 4.0	95a6db893e8e4ac6b3ca9d51398bbe827ed53c802826931eab66d38352e082e7	276524
lt7313	Caiden	male	en	high	even		LibriTTS-R speaker 7313, utterance 7313_91072_000009_000000, CC BY 4.0	e003a5e7f0dae69d632b4177a21d9b5f19a5ffbe528a35b3c68496b10ef95a94	332204
lt7314	Fredric	male	en	low	brisk		LibriTTS-R speaker 7314, utterance 7314_93276_000021_000000, CC BY 4.0	5abc55612aa3e481a6f209351b532603c6e915acf2980f50696e7935b1781828	295724
lt7339	Davis	male	en	mid	slow		LibriTTS-R speaker 7339, utterance 7339_86804_000012_000004, CC BY 4.0	b4a6aa2c1b78b2845b5f32121d162065128bc1678e0cd8c324792f782c949a4c	326444
lt7437	John	male	en	mid	even		LibriTTS-R speaker 7437, utterance 7437_96153_000039_000000, CC BY 4.0	75fb189b11658b99ec9eed8981b9ceac1ae74b7b46bd681867323da223535337	288044
lt7460	Grover	male	en	mid	brisk		LibriTTS-R speaker 7460, utterance 7460_92002_000037_000003, CC BY 4.0	b9e7c757a89617fa3eb4e5dc60e01982148c46aeb61968e5a1c16b1d9d345dcd	268844
lt7475	Derrick	male	en	low	slow		LibriTTS-R speaker 7475, utterance 7475_232691_000017_000002, CC BY 4.0	b299db8f549403a8d29778eb937d9cc282a5a0147e92d39bc74739e5a63f7778	326444
lt7478	Hugh	male	en	mid	brisk		LibriTTS-R speaker 7478, utterance 7478_98645_000017_000000, CC BY 4.0	77de98adb7aa0fb2e5febae14452659acf832155403b2a62d1a5108c79ca2237	314924
lt7484	Dallas	male	en	high	slow		LibriTTS-R speaker 7484, utterance 7484_39971_000013_000008, CC BY 4.0	836ed5c323976ad409da139ba4ea395469167179be91f47e9c08d7999294d0bd	268844
lt7520	Bart	male	en	low	even		LibriTTS-R speaker 7520, utterance 7520_258986_000011_000006, CC BY 4.0	97dfe24f28c0c2a8da785688ec73f64780a53cb5f492a4b74b8c84169d489d78	295724
lt7538	Nickolas	male	en	low	brisk		LibriTTS-R speaker 7538, utterance 7538_100045_000045_000000, CC BY 4.0	b5012e6642840aacb845b228b985c2154c697c31d67606e075a0eb8f7943867b	289964
lt7540	Caden	male	en	low	even		LibriTTS-R speaker 7540, utterance 7540_101258_000060_000000, CC BY 4.0	6911794c4f58dbdad8b512f3e7af77f12afee96f051b563a88d2b8550c8ea8ee	297644
lt7553	Ambrose	male	en	high	slow		LibriTTS-R speaker 7553, utterance 7553_101278_000009_000000, CC BY 4.0	968058c6d7aa9a429232f3c49527dc40549b7352136fd35d1beb3e64e886fdae	324524
lt7558	Jacques	male	en	high	brisk		LibriTTS-R speaker 7558, utterance 7558_89894_000023_000000, CC BY 4.0	13c7dea1fa499572cf083b727379b0183d45133aaa9d91f4d4355a02e0caae16	274604
lt7569	Mike	male	en	mid	slow		LibriTTS-R speaker 7569, utterance 7569_102232_000019_000001, CC BY 4.0	bb87c1e7ff675f0a370cc866d61579290de7675d1c1a0839f6e53ed62d96d41e	240044
lt764	Bret	male	en	high	slow		LibriTTS-R speaker 764, utterance 764_132272_000003_000010, CC BY 4.0	3268cd9e0a9e44e013b233a162c12135277e7f3736cd99e62a1a849eecb3ae45	284204
lt7647	Aiden	male	en	high	slow		LibriTTS-R speaker 7647, utterance 7647_102250_000003_000005, CC BY 4.0	ae01f7036a2965b970e593a3e765944f3f77e997f34cf5363171337bfd6bbaf9	289964
lt7688	Austen	male	en	mid	slow		LibriTTS-R speaker 7688, utterance 7688_112187_000003_000002, CC BY 4.0	5eb888847c9e8ea8887f3767e4e7345c191b1fd9c3d1676801f2a0dbf709e9fd	257324
lt770	Barry	male	en	mid	brisk		LibriTTS-R speaker 770, utterance 770_43321_000010_000001, CC BY 4.0	b127028200c52350106e25d0098c2330cb0565c033886907f8a9acc7aa15ada9	270764
lt7704	Shayne	male	en	low	brisk		LibriTTS-R speaker 7704, utterance 7704_106965_000049_000000, CC BY 4.0	57434e8c1aad51233defc068c778781b7ccff22473f8f2003648ccf3381af0bf	307244
lt7705	Emanuel	male	en	mid	even		LibriTTS-R speaker 7705, utterance 7705_101579_000003_000003, CC BY 4.0	781bec22bbe3355e408b2a0cbdfc13c9f5db84f86e23c10d8d95589e734a9555	243884
lt7720	Herschel	male	en	mid	brisk		LibriTTS-R speaker 7720, utterance 7720_105168_000027_000000, CC BY 4.0	2b14ed13af521d929866a90428d7a6d0abd46b4323ea9920e9c181cf54f2fa79	261164
lt7732	Jeramy	male	en	high	even		LibriTTS-R speaker 7732, utterance 7732_107520_000012_000000, CC BY 4.0	cbbeb1b71e013ee4472a8e70c643d953a62476a9e6ba31b3b296d7755dc52265	278444
lt7777	Glen	male	en	low	even		LibriTTS-R speaker 7777, utterance 7777_106367_000012_000002, CC BY 4.0	6029996c2252c05ae0660a98988f487db72a56228db9ec35158cef2ee24e46b9	328364
lt7809	Emil	male	en	mid	slow		LibriTTS-R speaker 7809, utterance 7809_108638_000021_000009, CC BY 4.0	03d9116322d0ebc22523389029932f80fd8b51502cc8de0377a9aef7e034699e	322604
lt781	Adrian	male	en	high	slow		LibriTTS-R speaker 781, utterance 781_127518_000043_000000, CC BY 4.0	f4e40120f7fe079bf6fdda79f2edf280759ec250d2c67244e93478fd9af7cf97	332204
lt7825	Lowell	male	en	low	even		LibriTTS-R speaker 7825, utterance 7825_258970_000020_000004, CC BY 4.0	2c54e086017f7b1143188d027df1e54f5a17d99a05f82cf3072b9dd521329ffe	280364
lt7828	Nelson	male	en	low	even		LibriTTS-R speaker 7828, utterance 7828_105171_000057_000000, CC BY 4.0	92df3b2a0089fe07252550fbe3204a9413f4ef5dcdb25f3e7e6d5583432c06dd	266924
lt7832	Elvin	male	en	low	slow		LibriTTS-R speaker 7832, utterance 7832_114468_000010_000001, CC BY 4.0	1efab4e38438b4569d8c89ad9ee971a58466c348cd14fa9861f290807125afd8	265004
lt7833	Regis	male	en	low	brisk		LibriTTS-R speaker 7833, utterance 7833_102239_000012_000014, CC BY 4.0	d33fb3cff563b7d47d434bd358739570b4d4a648f21bc0730f3832709ebb8904	299564
lt7837	Johnathon	male	en	high	slow		LibriTTS-R speaker 7837, utterance 7837_109173_000002_000000, CC BY 4.0	249278b76d48bf28e95145be16d71730f7d298f610b416bb00806093d2ca764e	276524
lt7867	Rolando	male	en	high	even		LibriTTS-R speaker 7867, utterance 7867_110528_000030_000000, CC BY 4.0	bfc049ffe639ebc12f2f20a636abb6ad2e946a95cbe67248d5271b1b5097098b	291884
lt7874	Deshaun	male	en	low	brisk		LibriTTS-R speaker 7874, utterance 7874_110243_000073_000006, CC BY 4.0	32770f0a4f522c8f5e2d63fdf8f9a810927a5176463c5efa2b85f429fc4b06cf	324524
lt7881	Trey	male	en	mid	even		LibriTTS-R speaker 7881, utterance 7881_110131_000024_000000, CC BY 4.0	bdf17a0dda651676333f591515edcb8a7bb68463d711c98851c74f66daddbfaa	330284
lt7909	Derrell	male	en	low	even		LibriTTS-R speaker 7909, utterance 7909_106370_000007_000002, CC BY 4.0	f8d112e7757ad90cee3fefaf2cfc968b88e3239a0bed8bd56c29cca20c401118	272684
lt7926	Nick	male	en	high	brisk		LibriTTS-R speaker 7926, utterance 7926_254949_000012_000000, CC BY 4.0	50820b543acebdcb89006aa0f0cad5a87221d279005c2028f1d4abc5ca07de32	307244
lt7938	Eddy	male	en	low	brisk		LibriTTS-R speaker 7938, utterance 7938_110127_000040_000000, CC BY 4.0	f40f1ac8d001b0c4b0e71e83d66324de6c828bb4f15f9c603a007ae64ff05db1	286124
lt7939	Roger	male	en	mid	slow		LibriTTS-R speaker 7939, utterance 7939_120330_000014_000003, CC BY 4.0	e6e673ee149bd47af7c0c871d2f2fa8cb530891d6e03e30a06dac3faefacf5fc	288044
lt7949	Murphy	male	en	low	slow		LibriTTS-R speaker 7949, utterance 7949_39970_000024_000001, CC BY 4.0	24ded36f802a11e6fcc62702f60d13aa095c1629ab0f73962695190b8738fa8a	241964
lt7956	West	male	en	mid	even		LibriTTS-R speaker 7956, utterance 7956_245687_000062_000000, CC BY 4.0	5881673e1275a237adedb6264464b095a559b4fc4be539c02d9c6519d2bf33b8	301484
lt7957	Samuel	male	en	high	even		LibriTTS-R speaker 7957, utterance 7957_39967_000011_000027, CC BY 4.0	1feb35df109258475d497eed2f9e85e6825a3bfb358948ac3baabd24bfec6205	314924
lt7981	Dwaine	male	en	low	brisk		LibriTTS-R speaker 7981, utterance 7981_112056_000003_000000, CC BY 4.0	a199d1a66623c85f1a08723424979becdefc46901af4d139f21b9bd275808f4d	261164
lt7991	Erik	male	en	low	slow		LibriTTS-R speaker 7991, utterance 7991_102381_000033_000000, CC BY 4.0	313f36178d2ec63a00093b050fe1aa4058b6caf11cd308c6926b2274be11c975	324524
lt8006	Hassan	male	en	low	slow		LibriTTS-R speaker 8006, utterance 8006_112593_000007_000003, CC BY 4.0	93c362dd15d51d9c1f10c36efe823b9e501a96c7123981fac135940931750aaf	299564
lt8008	William	male	en	high	slow		LibriTTS-R speaker 8008, utterance 8008_271811_000020_000001, CC BY 4.0	e75be0303777ef63bd790cb5ae0fce69f7a459de4d20a6f624dc60e263970e0f	330284
lt8011	Casimer	male	en	high	brisk		LibriTTS-R speaker 8011, utterance 8011_117866_000036_000000, CC BY 4.0	12de4757e7950f87e05145960cd186ab583fa112848ea107c05bc8e1a0efd067	257324
lt8028	Cecil	male	en	mid	even		LibriTTS-R speaker 8028, utterance 8028_233366_000004_000005, CC BY 4.0	77518ae7822afcbe16f2394958058540bb8f1046b0cd7cb276794bbe4049a8ab	284204
lt803	Randell	male	en	low	slow		LibriTTS-R speaker 803, utterance 803_139752_000001_000003, CC BY 4.0	6999a439803e0a1922f290555f812a32d00ef97babd7f28daea0b5f03f6ed269	332204
lt8050	David	male	en	high	even		LibriTTS-R speaker 8050, utterance 8050_110238_000069_000000, CC BY 4.0	ecb8f495ac0e259495889583f336055527eb005e39e6c62c960b1aa0e4fd2919	247724
lt806	Colonel	male	en	mid	brisk		LibriTTS-R speaker 806, utterance 806_124221_000009_000001, CC BY 4.0	91414fb9b4944d2e82f20f301878b61de763233b2b09d32023d1e76307f22c6b	316844
lt81	Wally	male	en	mid	brisk		LibriTTS-R speaker 81, utterance 81_121543_000215_000000, CC BY 4.0	77d23c00df2333096dc6648b2eb9a265e83b9bbb85bc043f105e14763de00647	303404
lt8119	Orion	male	en	low	even		LibriTTS-R speaker 8119, utterance 8119_115686_000022_000000, CC BY 4.0	fd795b6d7e0c60a6a51d143d6d767206ffe61c873eb26dd4385e58d08d523b26	313004
lt8138	Braeden	male	en	mid	even		LibriTTS-R speaker 8138, utterance 8138_293529_000012_000004, CC BY 4.0	111567e365c34220bcb1f7f764e3516b3326a4916ccbc7d4d231c33cc5b3759f	291884
lt8142	Derek	male	en	low	even		LibriTTS-R speaker 8142, utterance 8142_3967_000013_000001, CC BY 4.0	3644924e612bd59ea62f6b3949f65b4ef3e3295fffeb4e1b518f99e7e9b972b3	241964
lt815	Desmond	male	en	low	slow		LibriTTS-R speaker 815, utterance 815_130105_000041_000000, CC BY 4.0	99a2caa6a483367b8f149137fc7094a5e699e72c7803b8c9e43281e4ba1f8f4e	282284
lt8152	Will	male	en	low	even		LibriTTS-R speaker 8152, utterance 8152_282985_000008_000001, CC BY 4.0	bf9d06cddfe7b2dd0a6f3ae838106f7c57fd54ebefee5795caaf192e88dbcd6a	309164
lt816	Aldo	male	en	mid	brisk		LibriTTS-R speaker 816, utterance 816_2301_000015_000000, CC BY 4.0	5f169d7e402e542e10bdbc38fe41b797a397b11831bea37f8a97ab9fb92ac0dd	261164
lt8176	Alfredo	male	en	low	brisk		LibriTTS-R speaker 8176, utterance 8176_115046_000039_000000, CC BY 4.0	57eba4b8848fe22bdc5b497dd5c1888aea250e6bc7094584d6b54bb631dbce75	261164
lt8195	Remington	male	en	mid	slow		LibriTTS-R speaker 8195, utterance 8195_117382_000067_000003, CC BY 4.0	140b88ef22a7b502fe6c820c4f3dc3be3afcc70bb2a7da518b0f2b23436e5db7	332204
lt8222	Carlo	male	en	mid	brisk		LibriTTS-R speaker 8222, utterance 8222_274379_000010_000000, CC BY 4.0	cda32b92104f6018900cfa6af60110ea750dcc3822e05fe1893cec7b880236a8	328364
lt8225	Adonis	male	en	mid	brisk		LibriTTS-R speaker 8225, utterance 8225_274375_000019_000002, CC BY 4.0	350fdbf46cf244d515a7e71b1af4d1cbbfb254ad60228aa7e8ad30cdd43f7fab	286124
lt8266	Rudy	male	en	high	brisk		LibriTTS-R speaker 8266, utterance 8266_279363_000007_000004, CC BY 4.0	149e0383a2232bac8e29aad9df88a7178245e9c88598d9a653fb625af2cca21a	278444
lt8347	Shaun	male	en	low	brisk		LibriTTS-R speaker 8347, utterance 8347_282412_000002_000000, CC BY 4.0	17a7ec32a3bc6e58029966e379613da0c58fb1b333cc6d91faac20728d74d908	316844
lt835	Mohammed	male	en	high	even		LibriTTS-R speaker 835, utterance 835_130876_000042_000000, CC BY 4.0	b19e60462a8624c876b620f9a94c7e9eef41b46d238df9a7da824404415dcb83	311084
lt836	Denzil	male	en	high	slow		LibriTTS-R speaker 836, utterance 836_131106_000015_000000, CC BY 4.0	34ea9bea1f0b8a1f8dd55be51572be5869c7ea800d0af43a3ea9a23961cfbb3a	318764
lt8396	Evan	male	en	high	brisk		LibriTTS-R speaker 8396, utterance 8396_240992_000002_000001, CC BY 4.0	d92c85389fb7e13882f36e27714e08d14b4ea66abc58f917a54bfa31daa5e4d8	291884
lt8401	Alan	male	en	high	brisk		LibriTTS-R speaker 8401, utterance 8401_280380_000104_000002, CC BY 4.0	916019592bbee74dcb97f92e150330a50a07c8f639e59013b9c1c4bce35a3da3	334124
lt8459	Colby	male	en	high	brisk		LibriTTS-R speaker 8459, utterance 8459_285173_000000_000002, CC BY 4.0	d8cc3903c788cbcb430e9e97a19f567dc59ea53b9eee2a63faf3a48d576345bd	265004
lt8464	Agustin	male	en	low	even		LibriTTS-R speaker 8464, utterance 8464_282934_000030_000006, CC BY 4.0	80d2def40d5a10e688f98841dee27c2b081ce0f72fadc618e5e4f882b537dd07	284204
lt8474	Antwon	male	en	low	brisk		LibriTTS-R speaker 8474, utterance 8474_281188_000022_000002, CC BY 4.0	c4d39add2789777773b601a0e5917ac37dbbd37a11051fef972d673e0c58a2af	307244
lt8479	Jimmy	male	en	mid	slow		LibriTTS-R speaker 8479, utterance 8479_276730_000050_000000, CC BY 4.0	ce4eda1c1e4b9c56c7f46c4a69d688f57b9ff02ca197d549db6eba27c8812d96	261164
lt8490	Gonzalo	male	en	high	slow		LibriTTS-R speaker 8490, utterance 8490_284268_000015_000000, CC BY 4.0	6f6bd3518a0fda3228d58e557e5ef4a48cc6b85b85b7099b9ba5733fb496424b	265004
lt8494	Nehemiah	male	en	mid	brisk		LibriTTS-R speaker 8494, utterance 8494_244443_000019_000004, CC BY 4.0	22ecd4d2befd80678b4928cf99518ba38333e54ef9c81a1a129be636db49c14f	249644
lt850	Auther	male	en	mid	even		LibriTTS-R speaker 850, utterance 850_131003_000014_000009, CC BY 4.0	9b79bd6fdf24f0efe42d7f226f16fedf71ce5a5c45b2d0335dcf956d2b95393e	305324
lt8527	Dusty	male	en	low	brisk		LibriTTS-R speaker 8527, utterance 8527_281132_000001_000000, CC BY 4.0	5fa8f0c2f238f0af97743e500c86c8e2ca54ca2d36dcd9f7fafb70116aa2539f	241964
lt8534	Jess	male	en	high	brisk		LibriTTS-R speaker 8534, utterance 8534_216564_000008_000002, CC BY 4.0	ff157ce3d37a2d40635ead08a235dd9f730fae3293ca2d03a2480dd0f1dfae9c	251564
lt8575	Arthur	male	en	low	even		LibriTTS-R speaker 8575, utterance 8575_290349_000005_000001, CC BY 4.0	bbedb5445a5c8d8e9dfa700d41b63d79c955cfac859ab19af1835d7d58f74b7c	301484
lt8592	Avery	male	en	mid	even		LibriTTS-R speaker 8592, utterance 8592_285135_000016_000000, CC BY 4.0	531115c3e43a1b7a27c5397dfab7395dbd4bd8c6f63988314f2f45fa90033c0c	253484
lt8619	Ryan	male	en	low	slow		LibriTTS-R speaker 8619, utterance 8619_291381_000002_000007, CC BY 4.0	8915671e87a3426af335765124bd08012bc9f8ff896851544044c6e740a1cc2c	288044
lt8635	Bryson	male	en	high	even		LibriTTS-R speaker 8635, utterance 8635_295756_000025_000000, CC BY 4.0	04e302d1870699979e6192c0a102998605f7ad1da2e5b92b1305bd608e9d7422	291884
lt8643	Nathanael	male	en	mid	slow		LibriTTS-R speaker 8643, utterance 8643_298549_000035_000002, CC BY 4.0	796371c0ba755c60e82a023b7416c159d797d082121aa5ea7aa5ee88358adf6c	247724
lt868	Jaxon	male	en	low	even		LibriTTS-R speaker 868, utterance 868_131295_000014_000000, CC BY 4.0	c62240c8d2624bce1b62599a8ea13b6971c56d31c0ffbaa4566a2985b4f3461f	247724
lt8687	Kelvin	male	en	high	brisk		LibriTTS-R speaker 8687, utterance 8687_216570_000040_000001, CC BY 4.0	18d97fd3e8f3428547b7fe7ae817cd0a7545fb39bd1c90d1537675e505ea9248	330284
lt8705	Ethan	male	en	mid	slow		LibriTTS-R speaker 8705, utterance 8705_290361_000033_000001, CC BY 4.0	68823012bcc384732749fd1aa022da427776145c4ee5ffa6761625b6d252c96a	265004
lt8713	Arvil	male	en	high	even		LibriTTS-R speaker 8713, utterance 8713_300047_000032_000000, CC BY 4.0	3c22604962bdb29896340d1e4ae6768df760e91524f4b939e426a8f1615870ae	265004
lt8725	Christ	male	en	low	brisk		LibriTTS-R speaker 8725, utterance 8725_294554_000008_000003, CC BY 4.0	21f42e17bd2e729d263e0f640286f9e83667463d65fc46c64a338bed392dec69	270764
lt8742	Cortez	male	en	low	slow		LibriTTS-R speaker 8742, utterance 8742_245708_000052_000000, CC BY 4.0	0cf9431594417c16dc2b4c60b7a815f7c220eda8605f7b6c918ce1054f6f94de	240044
lt8758	Clark	male	en	low	even		LibriTTS-R speaker 8758, utterance 8758_296465_000014_000004, CC BY 4.0	41c80f09243b879778597b081247aa022e321927218ba6df566652f0f3f9d5cf	274604
lt8772	Kayden	male	en	mid	slow		LibriTTS-R speaker 8772, utterance 8772_295710_000024_000000, CC BY 4.0	ee7ba386ef48fe43a63210447531283bb71240e5f24421ecf87f048476a5080d	288044
lt8786	Patrick	male	en	high	brisk		LibriTTS-R speaker 8786, utterance 8786_276735_000003_000002, CC BY 4.0	34b631c576d30c1e4854ee7427a14877c95ebf4985581a0ea667637686b0bd2d	253484
lt8791	Bill	male	en	mid	even		LibriTTS-R speaker 8791, utterance 8791_291101_000059_000002, CC BY 4.0	a76dbae1155f4446dff16a2bcb7fb821eadfa23f583090605edf162788d81eb5	249644
lt8820	Alonso	male	en	mid	even		LibriTTS-R speaker 8820, utterance 8820_294114_000007_000005, CC BY 4.0	17a2713ff92b23bcaa0b718fe8e7428503e5231c20fba166a0363a6758cab8b7	293804
lt8824	Quinten	male	en	mid	brisk		LibriTTS-R speaker 8824, utterance 8824_279153_000007_000009, CC BY 4.0	a049ce3063a86b5b69150d7a9fe8b10f80bb5ef706b23ef9336dab89561130c5	249644
lt8848	Zachery	male	en	low	even		LibriTTS-R speaker 8848, utterance 8848_293957_000023_000001, CC BY 4.0	acc74ca295f05911e2f62c7c15a3f9c7dbac276115649108af52a31166c5a453	332204
lt8855	Cesar	male	en	mid	brisk		LibriTTS-R speaker 8855, utterance 8855_283242_000045_000000, CC BY 4.0	78485c73d9a897e3915f80cdfad419c76bcb780124f120bd2ec7446d0f9234ce	243884
lt8875	Jamey	male	en	low	brisk		LibriTTS-R speaker 8875, utterance 8875_293959_000087_000000, CC BY 4.0	4dffb648f7d5f09eb8ae15dbf649cf3cac2b42227c9349158617271e7e4a7dfb	259244
lt8879	Marlin	male	en	mid	slow		LibriTTS-R speaker 8879, utterance 8879_300343_000005_000004, CC BY 4.0	e7087bf11b4f414ba6ed33b6f95495edab609105000a84a9d2c488d0bf638f87	280364
lt8887	Carmelo	male	en	mid	even		LibriTTS-R speaker 8887, utterance 8887_281472_000019_000001, CC BY 4.0	7b2008c99c7a91e6007341cd5efe78e2459db40b0e8910988a03c27cae136edf	334124
lt899	Jorden	male	en	mid	even		LibriTTS-R speaker 899, utterance 899_126233_000014_000000, CC BY 4.0	0b05fe9464413ac0039e2d6b2f9d91ec54602ddaf711d9ea491d1c1f48a99118	280364
lt90	Landon	male	en	low	even		LibriTTS-R speaker 90, utterance 90_130566_000008_000002, CC BY 4.0	de11903db9f934a3f72b027a573168d3cae36c096021b35bfc46fcc8b7f51b08	309164
lt922	Rosevelt	male	en	low	brisk		LibriTTS-R speaker 922, utterance 922_132299_000006_000002, CC BY 4.0	4baa7658efe68c9488cede204408e64828809b5be9cf1e78ca557bdd12d1be9e	241964
lt949	Chandler	male	en	mid	brisk		LibriTTS-R speaker 949, utterance 949_138545_000016_000001, CC BY 4.0	e449abdbfd872ccd286665b99aa444f183614d7348b23d7612cb3c749ff4a00a	322604
lt953	Zakary	male	en	high	even		LibriTTS-R speaker 953, utterance 953_130625_000033_000000, CC BY 4.0	97978557b97b5423e768d2984b8789fab5862559167bc92728030e37241abdd2	291884
lt954	Elden	male	en	high	brisk		LibriTTS-R speaker 954, utterance 954_130627_000020_000000, CC BY 4.0	2796dd24e0fb9319015086d3dfec1cc8ee4b277419e92fbff7d44280410c34ad	276524
lt957	Jovan	male	en	mid	even		LibriTTS-R speaker 957, utterance 957_132568_000009_000002, CC BY 4.0	4dd5acd8c18a926d0d2dc8bb1f615930e304649574b30fc5dd113d464ba0fad2	245804
lt984	Marques	male	en	mid	brisk		LibriTTS-R speaker 984, utterance 984_137154_000005_000001, CC BY 4.0	c62b75e04d533df85d27cbe8fb070f4effa796930fda0b199912636e1a0b5a4e	305324
lt986	Curtis	male	en	low	slow		LibriTTS-R speaker 986, utterance 986_129388_000010_000001, CC BY 4.0	a63a3b2b1112437c34d5e326986d88e39be349498a9d8e867f86963c7f2c932c	328364
lucan	Lucan	male	en	mid	slow		LibriTTS-R speaker 2404, utterance 2404_141240_000006_000000, CC BY 4.0	5f4bd6cca568f90fad44c73e47ce8a83f0826a822cb03babc3e4ccd5982d3232	324524
tobias	Tobias	male	en	low	even	Crew	LibriTTS-R speaker 2531, utterance 2531_156718_000009_000000, CC BY 4.0	ae3acf855a7dae1cbf485a6bd4f03621c9cd7d95523fca7aedeafbc664bdf83a	314924
